prod_name,category,prod_desc,num_review,num_star,color,model,price
Asus VivoBook X441NA-GA190,Laptop,"Asus VivoBook X441NA-GA190 Chocolate Black, 14"", Celeron N3450, 4GB, 128GB SSD, Endless OS, ENG kbd",14 reviews,3.0,None,128,$295.99
Asus VivoBook X441NA-GA190,Laptop,"Asus VivoBook X441NA-GA190 Chocolate Black, 14"", Celeron N3450, 4GB, 128GB SSD, Endless OS, ENG kbd",14 reviews,3.0,None,256,$315.99
Asus VivoBook X441NA-GA190,Laptop,"Asus VivoBook X441NA-GA190 Chocolate Black, 14"", Celeron N3450, 4GB, 128GB SSD, Endless OS, ENG kbd",14 reviews,3.0,None,512,$335.99
Asus VivoBook X441NA-GA190,Laptop,"Asus VivoBook X441NA-GA190 Chocolate Black, 14"", Celeron N3450, 4GB, 128GB SSD, Endless OS, ENG kbd",14 reviews,3.0,None,1024,$355.99
Prestigio SmartBook 133S Dark Grey,Laptop,"Prestigio SmartBook 133S Dark Grey, 13.3"" FHD IPS, Celeron N3350 1.1GHz, 4GB, 32GB, Windows 10 Pro + Office 365 1 gadam",8 reviews,2.0,None,128,$299
Prestigio SmartBook 133S Dark Grey,Laptop,"Prestigio SmartBook 133S Dark Grey, 13.3"" FHD IPS, Celeron N3350 1.1GHz, 4GB, 32GB, Windows 10 Pro + Office 365 1 gadam",8 reviews,2.0,None,256,$319
Prestigio SmartBook 133S Dark Grey,Laptop,"Prestigio SmartBook 133S Dark Grey, 13.3"" FHD IPS, Celeron N3350 1.1GHz, 4GB, 32GB, Windows 10 Pro + Office 365 1 gadam",8 reviews,2.0,None,512,$339
Prestigio SmartBook 133S Dark Grey,Laptop,"Prestigio SmartBook 133S Dark Grey, 13.3"" FHD IPS, Celeron N3350 1.1GHz, 4GB, 32GB, Windows 10 Pro + Office 365 1 gadam",8 reviews,2.0,None,1024,$359
Prestigio SmartBook 133S Gold,Laptop,"Prestigio SmartBook 133S Gold, 13.3"" FHD IPS, Celeron N3350 1.1GHz, 4GB, 32GB, Windows 10 Pro + Office 365 1 gadam",12 reviews,4.0,None,128,$299
Prestigio SmartBook 133S Gold,Laptop,"Prestigio SmartBook 133S Gold, 13.3"" FHD IPS, Celeron N3350 1.1GHz, 4GB, 32GB, Windows 10 Pro + Office 365 1 gadam",12 reviews,4.0,None,256,$319
Prestigio SmartBook 133S Gold,Laptop,"Prestigio SmartBook 133S Gold, 13.3"" FHD IPS, Celeron N3350 1.1GHz, 4GB, 32GB, Windows 10 Pro + Office 365 1 gadam",12 reviews,4.0,None,512,$339
Prestigio SmartBook 133S Gold,Laptop,"Prestigio SmartBook 133S Gold, 13.3"" FHD IPS, Celeron N3350 1.1GHz, 4GB, 32GB, Windows 10 Pro + Office 365 1 gadam",12 reviews,4.0,None,1024,$359
Aspire E1-510,Laptop,"15.6"", Pentium N3520 2.16GHz, 4GB, 500GB, Linux",2 reviews,3.0,None,128,$306.99
Aspire E1-510,Laptop,"15.6"", Pentium N3520 2.16GHz, 4GB, 500GB, Linux",2 reviews,3.0,None,256,$326.99
Aspire E1-510,Laptop,"15.6"", Pentium N3520 2.16GHz, 4GB, 500GB, Linux",2 reviews,3.0,None,512,$346.99
Aspire E1-510,Laptop,"15.6"", Pentium N3520 2.16GHz, 4GB, 500GB, Linux",2 reviews,3.0,None,1024,$366.99
Lenovo V110-15IAP,Laptop,"Lenovo V110-15IAP, 15.6"" HD, Celeron N3350 1.1GHz, 4GB, 128GB SSD, Windows 10 Home",5 reviews,3.0,None,128,$321.94
Lenovo V110-15IAP,Laptop,"Lenovo V110-15IAP, 15.6"" HD, Celeron N3350 1.1GHz, 4GB, 128GB SSD, Windows 10 Home",5 reviews,3.0,None,256,$341.94
Lenovo V110-15IAP,Laptop,"Lenovo V110-15IAP, 15.6"" HD, Celeron N3350 1.1GHz, 4GB, 128GB SSD, Windows 10 Home",5 reviews,3.0,None,512,$361.94
Lenovo V110-15IAP,Laptop,"Lenovo V110-15IAP, 15.6"" HD, Celeron N3350 1.1GHz, 4GB, 128GB SSD, Windows 10 Home",5 reviews,3.0,None,1024,$381.94
Lenovo V110-15IAP,Laptop,"Asus VivoBook 15 X540NA-GQ008T Chocolate Black, 15.6"" HD, Pentium N4200, 4GB, 500GB, Windows 10 Home, En kbd",6 reviews,2.0,None,128,$356.49
Lenovo V110-15IAP,Laptop,"Asus VivoBook 15 X540NA-GQ008T Chocolate Black, 15.6"" HD, Pentium N4200, 4GB, 500GB, Windows 10 Home, En kbd",6 reviews,2.0,None,256,$376.49
Lenovo V110-15IAP,Laptop,"Asus VivoBook 15 X540NA-GQ008T Chocolate Black, 15.6"" HD, Pentium N4200, 4GB, 500GB, Windows 10 Home, En kbd",6 reviews,2.0,None,512,$396.49
Lenovo V110-15IAP,Laptop,"Asus VivoBook 15 X540NA-GQ008T Chocolate Black, 15.6"" HD, Pentium N4200, 4GB, 500GB, Windows 10 Home, En kbd",6 reviews,2.0,None,1024,$416.49
Hewlett Packard 250 G6 Dark Ash Silver,Laptop,"Hewlett Packard 250 G6 Dark Ash Silver, 15.6"" HD, Celeron N3060 1.6GHz, 4GB, 128GB SSD, DOS",12 reviews,1.0,None,128,$364.46
Hewlett Packard 250 G6 Dark Ash Silver,Laptop,"Hewlett Packard 250 G6 Dark Ash Silver, 15.6"" HD, Celeron N3060 1.6GHz, 4GB, 128GB SSD, DOS",12 reviews,1.0,None,256,$384.46
Hewlett Packard 250 G6 Dark Ash Silver,Laptop,"Hewlett Packard 250 G6 Dark Ash Silver, 15.6"" HD, Celeron N3060 1.6GHz, 4GB, 128GB SSD, DOS",12 reviews,1.0,None,512,$404.46
Hewlett Packard 250 G6 Dark Ash Silver,Laptop,"Hewlett Packard 250 G6 Dark Ash Silver, 15.6"" HD, Celeron N3060 1.6GHz, 4GB, 128GB SSD, DOS",12 reviews,1.0,None,1024,$424.46
Acer Aspire 3 A315-31 Black,Laptop,"Acer Aspire 3 A315-31 Black, 15.6"" HD, Celeron N3350 1.1GHz, 4GB, 128GB SSD, Windows 10 Home",2 reviews,2.0,None,128,$372.7
Acer Aspire 3 A315-31 Black,Laptop,"Acer Aspire 3 A315-31 Black, 15.6"" HD, Celeron N3350 1.1GHz, 4GB, 128GB SSD, Windows 10 Home",2 reviews,2.0,None,256,$392.7
Acer Aspire 3 A315-31 Black,Laptop,"Acer Aspire 3 A315-31 Black, 15.6"" HD, Celeron N3350 1.1GHz, 4GB, 128GB SSD, Windows 10 Home",2 reviews,2.0,None,512,$412.7
Acer Aspire 3 A315-31 Black,Laptop,"Acer Aspire 3 A315-31 Black, 15.6"" HD, Celeron N3350 1.1GHz, 4GB, 128GB SSD, Windows 10 Home",2 reviews,2.0,None,1024,$432.7
Acer Aspire A315-31-C33J,Laptop,"Acer Aspire A315-31-C33J Black 15.6"", HD, Celeron N3350, 4GB DDR3L, 128GB, Windows 10 Home, ENG",0 reviews,2.0,None,128,$379.94
Acer Aspire A315-31-C33J,Laptop,"Acer Aspire A315-31-C33J Black 15.6"", HD, Celeron N3350, 4GB DDR3L, 128GB, Windows 10 Home, ENG",0 reviews,2.0,None,256,$399.94
Acer Aspire A315-31-C33J,Laptop,"Acer Aspire A315-31-C33J Black 15.6"", HD, Celeron N3350, 4GB DDR3L, 128GB, Windows 10 Home, ENG",0 reviews,2.0,None,512,$419.94
Acer Aspire A315-31-C33J,Laptop,"Acer Aspire A315-31-C33J Black 15.6"", HD, Celeron N3350, 4GB DDR3L, 128GB, Windows 10 Home, ENG",0 reviews,2.0,None,1024,$439.94
Acer Aspire ES1-572 Black,Laptop,"Acer Aspire ES1-572 Black, 15.6"" HD, Core i3-6006U, 4GB, 128GB SSD, Linux",9 reviews,4.0,None,128,$379.95
Acer Aspire ES1-572 Black,Laptop,"Acer Aspire ES1-572 Black, 15.6"" HD, Core i3-6006U, 4GB, 128GB SSD, Linux",9 reviews,4.0,None,256,$399.95
Acer Aspire ES1-572 Black,Laptop,"Acer Aspire ES1-572 Black, 15.6"" HD, Core i3-6006U, 4GB, 128GB SSD, Linux",9 reviews,4.0,None,512,$419.95
Acer Aspire ES1-572 Black,Laptop,"Acer Aspire ES1-572 Black, 15.6"" HD, Core i3-6006U, 4GB, 128GB SSD, Linux",9 reviews,4.0,None,1024,$439.95
Acer Aspire 3 A315-31 Black,Laptop,"Acer Aspire 3 A315-31 Black, 15.6"" HD, Pentium N4200 1.1GHz, 4GB, 128GB SSD, Windows 10 Home",10 reviews,4.0,None,128,$391.48
Acer Aspire 3 A315-31 Black,Laptop,"Acer Aspire 3 A315-31 Black, 15.6"" HD, Pentium N4200 1.1GHz, 4GB, 128GB SSD, Windows 10 Home",10 reviews,4.0,None,256,$411.48
Acer Aspire 3 A315-31 Black,Laptop,"Acer Aspire 3 A315-31 Black, 15.6"" HD, Pentium N4200 1.1GHz, 4GB, 128GB SSD, Windows 10 Home",10 reviews,4.0,None,512,$431.48
Acer Aspire 3 A315-31 Black,Laptop,"Acer Aspire 3 A315-31 Black, 15.6"" HD, Pentium N4200 1.1GHz, 4GB, 128GB SSD, Windows 10 Home",10 reviews,4.0,None,1024,$451.48
Acer Aspire 3 A315-21,Laptop,"Acer Aspire 3 A315-21, 15.6"", AMD A4-9120. 4GB. 128GB SSD, Linux",9 reviews,3.0,None,128,$393.88
Acer Aspire 3 A315-21,Laptop,"Acer Aspire 3 A315-21, 15.6"", AMD A4-9120. 4GB. 128GB SSD, Linux",9 reviews,3.0,None,256,$413.88
Acer Aspire 3 A315-21,Laptop,"Acer Aspire 3 A315-21, 15.6"", AMD A4-9120. 4GB. 128GB SSD, Linux",9 reviews,3.0,None,512,$433.88
Acer Aspire 3 A315-21,Laptop,"Acer Aspire 3 A315-21, 15.6"", AMD A4-9120. 4GB. 128GB SSD, Linux",9 reviews,3.0,None,1024,$453.88
Asus VivoBook Max,Laptop,"Asus VivoBook Max X541NA-GQ041 Black Chocolate, 15.6"" HD, Pentium N4200 1.1GHz, 4GB, 500GB, Windows 10 Home",4 reviews,1.0,None,128,$399
Asus VivoBook Max,Laptop,"Asus VivoBook Max X541NA-GQ041 Black Chocolate, 15.6"" HD, Pentium N4200 1.1GHz, 4GB, 500GB, Windows 10 Home",4 reviews,1.0,None,256,$419
Asus VivoBook Max,Laptop,"Asus VivoBook Max X541NA-GQ041 Black Chocolate, 15.6"" HD, Pentium N4200 1.1GHz, 4GB, 500GB, Windows 10 Home",4 reviews,1.0,None,512,$439
Asus VivoBook Max,Laptop,"Asus VivoBook Max X541NA-GQ041 Black Chocolate, 15.6"" HD, Pentium N4200 1.1GHz, 4GB, 500GB, Windows 10 Home",4 reviews,1.0,None,1024,$459
Asus VivoBook E502NA-GO022T Dark Blue,Laptop,"Asus VivoBook E502NA-GO022T Dark Blue, 15.6"" HD, Pentium N4200 1.1GHz, 4GB, 128GB SSD, Windows 10 Home, En/Ru kbd",3 reviews,4.0,None,128,$399.99
Asus VivoBook E502NA-GO022T Dark Blue,Laptop,"Asus VivoBook E502NA-GO022T Dark Blue, 15.6"" HD, Pentium N4200 1.1GHz, 4GB, 128GB SSD, Windows 10 Home, En/Ru kbd",3 reviews,4.0,None,256,$419.99
Asus VivoBook E502NA-GO022T Dark Blue,Laptop,"Asus VivoBook E502NA-GO022T Dark Blue, 15.6"" HD, Pentium N4200 1.1GHz, 4GB, 128GB SSD, Windows 10 Home, En/Ru kbd",3 reviews,4.0,None,512,$439.99
Asus VivoBook E502NA-GO022T Dark Blue,Laptop,"Asus VivoBook E502NA-GO022T Dark Blue, 15.6"" HD, Pentium N4200 1.1GHz, 4GB, 128GB SSD, Windows 10 Home, En/Ru kbd",3 reviews,4.0,None,1024,$459.99
Lenovo ThinkPad E31-80,Laptop,"Lenovo ThinkPad E31-80, 13.3"" HD, Celeron 3855U 1.6GHz, 4GB, 128GB SSD, Windows 10 Home",12 reviews,1.0,None,128,$404.23
Lenovo ThinkPad E31-80,Laptop,"Lenovo ThinkPad E31-80, 13.3"" HD, Celeron 3855U 1.6GHz, 4GB, 128GB SSD, Windows 10 Home",12 reviews,1.0,None,256,$424.23
Lenovo ThinkPad E31-80,Laptop,"Lenovo ThinkPad E31-80, 13.3"" HD, Celeron 3855U 1.6GHz, 4GB, 128GB SSD, Windows 10 Home",12 reviews,1.0,None,512,$444.23
Lenovo ThinkPad E31-80,Laptop,"Lenovo ThinkPad E31-80, 13.3"" HD, Celeron 3855U 1.6GHz, 4GB, 128GB SSD, Windows 10 Home",12 reviews,1.0,None,1024,$464.23
Acer Aspire 3 A315-31 Black,Laptop,"Acer Aspire 3 A315-31 Black, 15.6"" HD, Pentium N4200 1.1GHz, 4GB, 128GB SSD, Windows 10 Home",10 reviews,4.0,None,128,$408.98
Acer Aspire 3 A315-31 Black,Laptop,"Acer Aspire 3 A315-31 Black, 15.6"" HD, Pentium N4200 1.1GHz, 4GB, 128GB SSD, Windows 10 Home",10 reviews,4.0,None,256,$428.98
Acer Aspire 3 A315-31 Black,Laptop,"Acer Aspire 3 A315-31 Black, 15.6"" HD, Pentium N4200 1.1GHz, 4GB, 128GB SSD, Windows 10 Home",10 reviews,4.0,None,512,$448.98
Acer Aspire 3 A315-31 Black,Laptop,"Acer Aspire 3 A315-31 Black, 15.6"" HD, Pentium N4200 1.1GHz, 4GB, 128GB SSD, Windows 10 Home",10 reviews,4.0,None,1024,$468.98
Lenovo V110-15ISK,Laptop,"Lenovo V110-15ISK, 15.6"" HD, Core i3-6006U, 8GB, 128GB SSD, Windows 10 Home",9 reviews,3.0,None,128,$409.63
Lenovo V110-15ISK,Laptop,"Lenovo V110-15ISK, 15.6"" HD, Core i3-6006U, 8GB, 128GB SSD, Windows 10 Home",9 reviews,3.0,None,256,$429.63
Lenovo V110-15ISK,Laptop,"Lenovo V110-15ISK, 15.6"" HD, Core i3-6006U, 8GB, 128GB SSD, Windows 10 Home",9 reviews,3.0,None,512,$449.63
Lenovo V110-15ISK,Laptop,"Lenovo V110-15ISK, 15.6"" HD, Core i3-6006U, 8GB, 128GB SSD, Windows 10 Home",9 reviews,3.0,None,1024,$469.63
Acer Aspire ES1-732 Black,Laptop,"Acer Aspire ES1-732 Black, 17.3"" HD+, Celeron, N3350, 4GB, 1TB, Windows 10 Home",14 reviews,4.0,None,128,$410.46
Acer Aspire ES1-732 Black,Laptop,"Acer Aspire ES1-732 Black, 17.3"" HD+, Celeron, N3350, 4GB, 1TB, Windows 10 Home",14 reviews,4.0,None,256,$430.46
Acer Aspire ES1-732 Black,Laptop,"Acer Aspire ES1-732 Black, 17.3"" HD+, Celeron, N3350, 4GB, 1TB, Windows 10 Home",14 reviews,4.0,None,512,$450.46
Acer Aspire ES1-732 Black,Laptop,"Acer Aspire ES1-732 Black, 17.3"" HD+, Celeron, N3350, 4GB, 1TB, Windows 10 Home",14 reviews,4.0,None,1024,$470.46
Asus VivoBook 15 X540NA-GQ026T,Laptop,"Asus VivoBook 15 X540NA-GQ026T Chocolate Black, 15.6"" HD, Pentium N4200, 4GB, 128GB SSD, Windows 10 Home, En/Ru kbd",4 reviews,4.0,None,128,$410.66
Asus VivoBook 15 X540NA-GQ026T,Laptop,"Asus VivoBook 15 X540NA-GQ026T Chocolate Black, 15.6"" HD, Pentium N4200, 4GB, 128GB SSD, Windows 10 Home, En/Ru kbd",4 reviews,4.0,None,256,$430.66
Asus VivoBook 15 X540NA-GQ026T,Laptop,"Asus VivoBook 15 X540NA-GQ026T Chocolate Black, 15.6"" HD, Pentium N4200, 4GB, 128GB SSD, Windows 10 Home, En/Ru kbd",4 reviews,4.0,None,512,$450.66
Asus VivoBook 15 X540NA-GQ026T,Laptop,"Asus VivoBook 15 X540NA-GQ026T Chocolate Black, 15.6"" HD, Pentium N4200, 4GB, 128GB SSD, Windows 10 Home, En/Ru kbd",4 reviews,4.0,None,1024,$470.66
Packard 255 G2,Laptop,"15.6"", AMD E2-3800 1.3GHz, 4GB, 500GB, Windows 8.1",2 reviews,2.0,None,128,$416.99
Packard 255 G2,Laptop,"15.6"", AMD E2-3800 1.3GHz, 4GB, 500GB, Windows 8.1",2 reviews,2.0,None,256,$436.99
Packard 255 G2,Laptop,"15.6"", AMD E2-3800 1.3GHz, 4GB, 500GB, Windows 8.1",2 reviews,2.0,None,512,$456.99
Packard 255 G2,Laptop,"15.6"", AMD E2-3800 1.3GHz, 4GB, 500GB, Windows 8.1",2 reviews,2.0,None,1024,$476.99
Asus EeeBook R416NA-FA014T,Laptop,"Asus EeeBook R416NA-FA014T, 14"" FHD, Pentium N4200, 4GB, 128GB eMMC, Windows 10 Home, Eng kbd",1 reviews,1.0,None,128,$433.3
Asus EeeBook R416NA-FA014T,Laptop,"Asus EeeBook R416NA-FA014T, 14"" FHD, Pentium N4200, 4GB, 128GB eMMC, Windows 10 Home, Eng kbd",1 reviews,1.0,None,256,$453.3
Asus EeeBook R416NA-FA014T,Laptop,"Asus EeeBook R416NA-FA014T, 14"" FHD, Pentium N4200, 4GB, 128GB eMMC, Windows 10 Home, Eng kbd",1 reviews,1.0,None,512,$473.3
Asus EeeBook R416NA-FA014T,Laptop,"Asus EeeBook R416NA-FA014T, 14"" FHD, Pentium N4200, 4GB, 128GB eMMC, Windows 10 Home, Eng kbd",1 reviews,1.0,None,1024,$493.3
Acer Aspire 3 A315-51,Laptop,"Acer Aspire 3 A315-51, 15.6"" HD, Core i3-6006U, 4GB, 1TB, Windows 10 Home",1 reviews,1.0,None,128,$436.29
Acer Aspire 3 A315-51,Laptop,"Acer Aspire 3 A315-51, 15.6"" HD, Core i3-6006U, 4GB, 1TB, Windows 10 Home",1 reviews,1.0,None,256,$456.29
Acer Aspire 3 A315-51,Laptop,"Acer Aspire 3 A315-51, 15.6"" HD, Core i3-6006U, 4GB, 1TB, Windows 10 Home",1 reviews,1.0,None,512,$476.29
Acer Aspire 3 A315-51,Laptop,"Acer Aspire 3 A315-51, 15.6"" HD, Core i3-6006U, 4GB, 1TB, Windows 10 Home",1 reviews,1.0,None,1024,$496.29
Acer Aspire ES1-572 Black,Laptop,"Acer Aspire ES1-572 Black, 15.6"" HD, Core i3-6006U, 4GB, 500GB, Windows 10 Home",2 reviews,1.0,None,128,$436.29
Acer Aspire ES1-572 Black,Laptop,"Acer Aspire ES1-572 Black, 15.6"" HD, Core i3-6006U, 4GB, 500GB, Windows 10 Home",2 reviews,1.0,None,256,$456.29
Acer Aspire ES1-572 Black,Laptop,"Acer Aspire ES1-572 Black, 15.6"" HD, Core i3-6006U, 4GB, 500GB, Windows 10 Home",2 reviews,1.0,None,512,$476.29
Acer Aspire ES1-572 Black,Laptop,"Acer Aspire ES1-572 Black, 15.6"" HD, Core i3-6006U, 4GB, 500GB, Windows 10 Home",2 reviews,1.0,None,1024,$496.29
Acer Extensa 15 (2540) Black,Laptop,"Acer Extensa 15 (2540) Black, 15.6"" HD, Core i5-7200U, 4GB, 500GB, Linux",6 reviews,4.0,None,128,$439.73
Acer Extensa 15 (2540) Black,Laptop,"Acer Extensa 15 (2540) Black, 15.6"" HD, Core i5-7200U, 4GB, 500GB, Linux",6 reviews,4.0,None,256,$459.73
Acer Extensa 15 (2540) Black,Laptop,"Acer Extensa 15 (2540) Black, 15.6"" HD, Core i5-7200U, 4GB, 500GB, Linux",6 reviews,4.0,None,512,$479.73
Acer Extensa 15 (2540) Black,Laptop,"Acer Extensa 15 (2540) Black, 15.6"" HD, Core i5-7200U, 4GB, 500GB, Linux",6 reviews,4.0,None,1024,$499.73
Acer Aspire ES1-572 Black,Laptop,"Acer Aspire ES1-572 Black, 15.6"" HD, Core i5-7200U, 4GB, 500GB, Linux",9 reviews,1.0,None,128,$454.62
Acer Aspire ES1-572 Black,Laptop,"Acer Aspire ES1-572 Black, 15.6"" HD, Core i5-7200U, 4GB, 500GB, Linux",9 reviews,1.0,None,256,$474.62
Acer Aspire ES1-572 Black,Laptop,"Acer Aspire ES1-572 Black, 15.6"" HD, Core i5-7200U, 4GB, 500GB, Linux",9 reviews,1.0,None,512,$494.62
Acer Aspire ES1-572 Black,Laptop,"Acer Aspire ES1-572 Black, 15.6"" HD, Core i5-7200U, 4GB, 500GB, Linux",9 reviews,1.0,None,1024,$514.62
Lenovo V110-15ISK,Laptop,"Lenovo V110-15ISK, 15.6"" HD, Core i3-6006U, 4GB, 128GB SSD, Windows 10 Pro",2 reviews,2.0,None,128,$454.73
Lenovo V110-15ISK,Laptop,"Lenovo V110-15ISK, 15.6"" HD, Core i3-6006U, 4GB, 128GB SSD, Windows 10 Pro",2 reviews,2.0,None,256,$474.73
Lenovo V110-15ISK,Laptop,"Lenovo V110-15ISK, 15.6"" HD, Core i3-6006U, 4GB, 128GB SSD, Windows 10 Pro",2 reviews,2.0,None,512,$494.73
Lenovo V110-15ISK,Laptop,"Lenovo V110-15ISK, 15.6"" HD, Core i3-6006U, 4GB, 128GB SSD, Windows 10 Pro",2 reviews,2.0,None,1024,$514.73
Acer Aspire A315-51-33TG,Laptop,"Acer Aspire A315-51-33TG, Black 15.6"" HD, Core i3-7100U, 4GB DDR4, 128GB SSD, Windows 10 Home, ENG",9 reviews,3.0,None,128,$457.38
Acer Aspire A315-51-33TG,Laptop,"Acer Aspire A315-51-33TG, Black 15.6"" HD, Core i3-7100U, 4GB DDR4, 128GB SSD, Windows 10 Home, ENG",9 reviews,3.0,None,256,$477.38
Acer Aspire A315-51-33TG,Laptop,"Acer Aspire A315-51-33TG, Black 15.6"" HD, Core i3-7100U, 4GB DDR4, 128GB SSD, Windows 10 Home, ENG",9 reviews,3.0,None,512,$497.38
Acer Aspire A315-51-33TG,Laptop,"Acer Aspire A315-51-33TG, Black 15.6"" HD, Core i3-7100U, 4GB DDR4, 128GB SSD, Windows 10 Home, ENG",9 reviews,3.0,None,1024,$517.38
Lenovo V110-15IKB,Laptop,"Lenovo V110-15IKB, 15.6"" HD, Core i5-7200U, 4GB, 500GB, DOS",7 reviews,1.0,None,128,$465.95
Lenovo V110-15IKB,Laptop,"Lenovo V110-15IKB, 15.6"" HD, Core i5-7200U, 4GB, 500GB, DOS",7 reviews,1.0,None,256,$485.95
Lenovo V110-15IKB,Laptop,"Lenovo V110-15IKB, 15.6"" HD, Core i5-7200U, 4GB, 500GB, DOS",7 reviews,1.0,None,512,$505.95
Lenovo V110-15IKB,Laptop,"Lenovo V110-15IKB, 15.6"" HD, Core i5-7200U, 4GB, 500GB, DOS",7 reviews,1.0,None,1024,$525.95
Asus VivoBook 15 X540UA-DM260 Chocolate Black,Laptop,"Asus VivoBook 15 X540UA-DM260 Chocolate Black, 15.6"" FHD, Core i3-6006U, 4GB, 256GB SSD, Endless OS, En kbd",1 reviews,3.0,None,128,$468.56
Asus VivoBook 15 X540UA-DM260 Chocolate Black,Laptop,"Asus VivoBook 15 X540UA-DM260 Chocolate Black, 15.6"" FHD, Core i3-6006U, 4GB, 256GB SSD, Endless OS, En kbd",1 reviews,3.0,None,256,$488.56
Asus VivoBook 15 X540UA-DM260 Chocolate Black,Laptop,"Asus VivoBook 15 X540UA-DM260 Chocolate Black, 15.6"" FHD, Core i3-6006U, 4GB, 256GB SSD, Endless OS, En kbd",1 reviews,3.0,None,512,$508.56
Asus VivoBook 15 X540UA-DM260 Chocolate Black,Laptop,"Asus VivoBook 15 X540UA-DM260 Chocolate Black, 15.6"" FHD, Core i3-6006U, 4GB, 256GB SSD, Endless OS, En kbd",1 reviews,3.0,None,1024,$528.56
Acer Aspire ES1-572 Black,Laptop,"Acer Aspire ES1-572 Black, 15.6"" HD, Core i3-6006U, 4GB, 128GB SSD, Windows 10 Home",5 reviews,3.0,None,128,$469.1
Acer Aspire ES1-572 Black,Laptop,"Acer Aspire ES1-572 Black, 15.6"" HD, Core i3-6006U, 4GB, 128GB SSD, Windows 10 Home",5 reviews,3.0,None,256,$489.1
Acer Aspire ES1-572 Black,Laptop,"Acer Aspire ES1-572 Black, 15.6"" HD, Core i3-6006U, 4GB, 128GB SSD, Windows 10 Home",5 reviews,3.0,None,512,$509.1
Acer Aspire ES1-572 Black,Laptop,"Acer Aspire ES1-572 Black, 15.6"" HD, Core i3-6006U, 4GB, 128GB SSD, Windows 10 Home",5 reviews,3.0,None,1024,$529.1
Lenovo V510 Black,Laptop,"Lenovo V510 Black, 14"" HD, Core i3-6006U, 4GB, 128GB SSD, Windows 10 Home",8 reviews,3.0,None,128,$484.23
Lenovo V510 Black,Laptop,"Lenovo V510 Black, 14"" HD, Core i3-6006U, 4GB, 128GB SSD, Windows 10 Home",8 reviews,3.0,None,256,$504.23
Lenovo V510 Black,Laptop,"Lenovo V510 Black, 14"" HD, Core i3-6006U, 4GB, 128GB SSD, Windows 10 Home",8 reviews,3.0,None,512,$524.23
Lenovo V510 Black,Laptop,"Lenovo V510 Black, 14"" HD, Core i3-6006U, 4GB, 128GB SSD, Windows 10 Home",8 reviews,3.0,None,1024,$544.23
Acer Aspire ES1-572 Black,Laptop,"Acer Aspire ES1-572 Black, 15.6"" HD, Core i5-7200U, 4GB, 128GB SSD, Linux",6 reviews,3.0,None,128,$485.9
Acer Aspire ES1-572 Black,Laptop,"Acer Aspire ES1-572 Black, 15.6"" HD, Core i5-7200U, 4GB, 128GB SSD, Linux",6 reviews,3.0,None,256,$505.9
Acer Aspire ES1-572 Black,Laptop,"Acer Aspire ES1-572 Black, 15.6"" HD, Core i5-7200U, 4GB, 128GB SSD, Linux",6 reviews,3.0,None,512,$525.9
Acer Aspire ES1-572 Black,Laptop,"Acer Aspire ES1-572 Black, 15.6"" HD, Core i5-7200U, 4GB, 128GB SSD, Linux",6 reviews,3.0,None,1024,$545.9
Lenovo V510 Black,Laptop,"Lenovo V510 Black, 15.6"" HD, Core i3-6006U, 4GB, 128GB SSD, Windows 10 Home",9 reviews,2.0,None,128,$487.8
Lenovo V510 Black,Laptop,"Lenovo V510 Black, 15.6"" HD, Core i3-6006U, 4GB, 128GB SSD, Windows 10 Home",9 reviews,2.0,None,256,$507.8
Lenovo V510 Black,Laptop,"Lenovo V510 Black, 15.6"" HD, Core i3-6006U, 4GB, 128GB SSD, Windows 10 Home",9 reviews,2.0,None,512,$527.8
Lenovo V510 Black,Laptop,"Lenovo V510 Black, 15.6"" HD, Core i3-6006U, 4GB, 128GB SSD, Windows 10 Home",9 reviews,2.0,None,1024,$547.8
Acer Swift 1 SF113-31 Silver,Laptop,"Acer Swift 1 SF113-31 Silver, 13.3"" FHD, Pentium N4200, 4GB, 128GB SSD, Windows 10 Home",4 reviews,3.0,None,128,$488.64
Acer Swift 1 SF113-31 Silver,Laptop,"Acer Swift 1 SF113-31 Silver, 13.3"" FHD, Pentium N4200, 4GB, 128GB SSD, Windows 10 Home",4 reviews,3.0,None,256,$508.64
Acer Swift 1 SF113-31 Silver,Laptop,"Acer Swift 1 SF113-31 Silver, 13.3"" FHD, Pentium N4200, 4GB, 128GB SSD, Windows 10 Home",4 reviews,3.0,None,512,$528.64
Acer Swift 1 SF113-31 Silver,Laptop,"Acer Swift 1 SF113-31 Silver, 13.3"" FHD, Pentium N4200, 4GB, 128GB SSD, Windows 10 Home",4 reviews,3.0,None,1024,$548.64
Dell Vostro 15,Laptop,"Dell Vostro 15 (3568) Black, 15.6"" FHD, Core i5-7200U, 4GB, 128GB SSD, Radeon R5 M420 2GB, Linux",14 reviews,4.0,None,128,$488.78
Dell Vostro 15,Laptop,"Dell Vostro 15 (3568) Black, 15.6"" FHD, Core i5-7200U, 4GB, 128GB SSD, Radeon R5 M420 2GB, Linux",14 reviews,4.0,None,256,$508.78
Dell Vostro 15,Laptop,"Dell Vostro 15 (3568) Black, 15.6"" FHD, Core i5-7200U, 4GB, 128GB SSD, Radeon R5 M420 2GB, Linux",14 reviews,4.0,None,512,$528.78
Dell Vostro 15,Laptop,"Dell Vostro 15 (3568) Black, 15.6"" FHD, Core i5-7200U, 4GB, 128GB SSD, Radeon R5 M420 2GB, Linux",14 reviews,4.0,None,1024,$548.78
Acer Aspire 3 A315-51 Black,Laptop,"Acer Aspire 3 A315-51 Black, 15.6"" FHD, Core i3-7100U, 4GB, 500GB + 128GB SSD, Windows 10 Home",2 reviews,4.0,None,128,$494.71
Acer Aspire 3 A315-51 Black,Laptop,"Acer Aspire 3 A315-51 Black, 15.6"" FHD, Core i3-7100U, 4GB, 500GB + 128GB SSD, Windows 10 Home",2 reviews,4.0,None,256,$514.71
Acer Aspire 3 A315-51 Black,Laptop,"Acer Aspire 3 A315-51 Black, 15.6"" FHD, Core i3-7100U, 4GB, 500GB + 128GB SSD, Windows 10 Home",2 reviews,4.0,None,512,$534.71
Acer Aspire 3 A315-51 Black,Laptop,"Acer Aspire 3 A315-51 Black, 15.6"" FHD, Core i3-7100U, 4GB, 500GB + 128GB SSD, Windows 10 Home",2 reviews,4.0,None,1024,$554.71
Dell Vostro 15 (3568) Red,Laptop,"Dell Vostro 15 (3568) Red, 15.6"" HD, Core i5-7200U, 4GB, 1TB, Radeon R5 M420 2GB, Linux",9 reviews,1.0,None,128,$497.17
Dell Vostro 15 (3568) Red,Laptop,"Dell Vostro 15 (3568) Red, 15.6"" HD, Core i5-7200U, 4GB, 1TB, Radeon R5 M420 2GB, Linux",9 reviews,1.0,None,256,$517.1700000000001
Dell Vostro 15 (3568) Red,Laptop,"Dell Vostro 15 (3568) Red, 15.6"" HD, Core i5-7200U, 4GB, 1TB, Radeon R5 M420 2GB, Linux",9 reviews,1.0,None,512,$537.1700000000001
Dell Vostro 15 (3568) Red,Laptop,"Dell Vostro 15 (3568) Red, 15.6"" HD, Core i5-7200U, 4GB, 1TB, Radeon R5 M420 2GB, Linux",9 reviews,1.0,None,1024,$557.1700000000001
Lenovo V510 Black,Laptop,"Lenovo V510 Black, 15.6"" FHD, Core i3-7100U, 4GB, 128GB SSD, Windows 10 Pro",5 reviews,3.0,None,128,$498.23
Lenovo V510 Black,Laptop,"Lenovo V510 Black, 15.6"" FHD, Core i3-7100U, 4GB, 128GB SSD, Windows 10 Pro",5 reviews,3.0,None,256,$518.23
Lenovo V510 Black,Laptop,"Lenovo V510 Black, 15.6"" FHD, Core i3-7100U, 4GB, 128GB SSD, Windows 10 Pro",5 reviews,3.0,None,512,$538.23
Lenovo V510 Black,Laptop,"Lenovo V510 Black, 15.6"" FHD, Core i3-7100U, 4GB, 128GB SSD, Windows 10 Pro",5 reviews,3.0,None,1024,$558.23
HP 250 G3,Laptop,"15.6"", Core i5-4210U, 4GB, 500GB, Windows 8.1",13 reviews,2.0,None,128,$520.99
HP 250 G3,Laptop,"15.6"", Core i5-4210U, 4GB, 500GB, Windows 8.1",13 reviews,2.0,None,256,$540.99
HP 250 G3,Laptop,"15.6"", Core i5-4210U, 4GB, 500GB, Windows 8.1",13 reviews,2.0,None,512,$560.99
HP 250 G3,Laptop,"15.6"", Core i5-4210U, 4GB, 500GB, Windows 8.1",13 reviews,2.0,None,1024,$580.99
Acer Spin 5,Laptop,"Acer Spin 5 SP513-51 Black, 13.3"" FHD Touch, Core i3-7100U, 4GB, 128GB SSD, Windows 10 Home",0 reviews,2.0,None,128,$564.98
Acer Spin 5,Laptop,"Acer Spin 5 SP513-51 Black, 13.3"" FHD Touch, Core i3-7100U, 4GB, 128GB SSD, Windows 10 Home",0 reviews,2.0,None,256,$584.98
Acer Spin 5,Laptop,"Acer Spin 5 SP513-51 Black, 13.3"" FHD Touch, Core i3-7100U, 4GB, 128GB SSD, Windows 10 Home",0 reviews,2.0,None,512,$604.98
Acer Spin 5,Laptop,"Acer Spin 5 SP513-51 Black, 13.3"" FHD Touch, Core i3-7100U, 4GB, 128GB SSD, Windows 10 Home",0 reviews,2.0,None,1024,$624.98
HP 350 G1,Laptop,"15.6"", Core i5-4200U, 4GB, 750GB, Radeon HD8670M 2GB, Windows",10 reviews,2.0,None,128,$577.99
HP 350 G1,Laptop,"15.6"", Core i5-4200U, 4GB, 750GB, Radeon HD8670M 2GB, Windows",10 reviews,2.0,None,256,$597.99
HP 350 G1,Laptop,"15.6"", Core i5-4200U, 4GB, 750GB, Radeon HD8670M 2GB, Windows",10 reviews,2.0,None,512,$617.99
HP 350 G1,Laptop,"15.6"", Core i5-4200U, 4GB, 750GB, Radeon HD8670M 2GB, Windows",10 reviews,2.0,None,1024,$637.99
Aspire E1-572G,Laptop,"15.6"", Core i5-4200U, 8GB, 1TB, Radeon R7 M265, Windows 8.1",2 reviews,1.0,None,128,$581.99
Aspire E1-572G,Laptop,"15.6"", Core i5-4200U, 8GB, 1TB, Radeon R7 M265, Windows 8.1",2 reviews,1.0,None,256,$601.99
Aspire E1-572G,Laptop,"15.6"", Core i5-4200U, 8GB, 1TB, Radeon R7 M265, Windows 8.1",2 reviews,1.0,None,512,$621.99
Aspire E1-572G,Laptop,"15.6"", Core i5-4200U, 8GB, 1TB, Radeon R7 M265, Windows 8.1",2 reviews,1.0,None,1024,$641.99
Pavilion,Laptop,"15.6"", Core i5-4200U, 6GB, 750GB, Windows 8.1",4 reviews,1.0,None,128,$609.99
Pavilion,Laptop,"15.6"", Core i5-4200U, 6GB, 750GB, Windows 8.1",4 reviews,1.0,None,256,$629.99
Pavilion,Laptop,"15.6"", Core i5-4200U, 6GB, 750GB, Windows 8.1",4 reviews,1.0,None,512,$649.99
Pavilion,Laptop,"15.6"", Core i5-4200U, 6GB, 750GB, Windows 8.1",4 reviews,1.0,None,1024,$669.99
Acer Aspire A515-51-5654,Laptop,"Acer Aspire A515-51-5654, Black, 15.6"", FHD, Core i5-8250U, 8GB DDR4, 256GB SSD, Windows 10 Home, ENG",9 reviews,2.0,None,128,$679
Acer Aspire A515-51-5654,Laptop,"Acer Aspire A515-51-5654, Black, 15.6"", FHD, Core i5-8250U, 8GB DDR4, 256GB SSD, Windows 10 Home, ENG",9 reviews,2.0,None,256,$699
Acer Aspire A515-51-5654,Laptop,"Acer Aspire A515-51-5654, Black, 15.6"", FHD, Core i5-8250U, 8GB DDR4, 256GB SSD, Windows 10 Home, ENG",9 reviews,2.0,None,512,$719
Acer Aspire A515-51-5654,Laptop,"Acer Aspire A515-51-5654, Black, 15.6"", FHD, Core i5-8250U, 8GB DDR4, 256GB SSD, Windows 10 Home, ENG",9 reviews,2.0,None,1024,$739
Dell Inspiron 15,Laptop,"Dell Inspiron 15 (5567) Fog Gray, 15.6"" FHD, Core i5-7200U, 8GB, 1TB, Radeon R7 M445 4GB, Linux",7 reviews,2.0,None,128,$679
Dell Inspiron 15,Laptop,"Dell Inspiron 15 (5567) Fog Gray, 15.6"" FHD, Core i5-7200U, 8GB, 1TB, Radeon R7 M445 4GB, Linux",7 reviews,2.0,None,256,$699
Dell Inspiron 15,Laptop,"Dell Inspiron 15 (5567) Fog Gray, 15.6"" FHD, Core i5-7200U, 8GB, 1TB, Radeon R7 M445 4GB, Linux",7 reviews,2.0,None,512,$719
Dell Inspiron 15,Laptop,"Dell Inspiron 15 (5567) Fog Gray, 15.6"" FHD, Core i5-7200U, 8GB, 1TB, Radeon R7 M445 4GB, Linux",7 reviews,2.0,None,1024,$739
Asus VivoBook S14,Laptop,"Asus VivoBook S14 (S406UA-BV041T) Starry Grey, 14"", Core i5-8250U, 8GB, 256GB SSD, Windows 10 Home, Eng kbd",2 reviews,1.0,None,128,$729
Asus VivoBook S14,Laptop,"Asus VivoBook S14 (S406UA-BV041T) Starry Grey, 14"", Core i5-8250U, 8GB, 256GB SSD, Windows 10 Home, Eng kbd",2 reviews,1.0,None,256,$749
Asus VivoBook S14,Laptop,"Asus VivoBook S14 (S406UA-BV041T) Starry Grey, 14"", Core i5-8250U, 8GB, 256GB SSD, Windows 10 Home, Eng kbd",2 reviews,1.0,None,512,$769
Asus VivoBook S14,Laptop,"Asus VivoBook S14 (S406UA-BV041T) Starry Grey, 14"", Core i5-8250U, 8GB, 256GB SSD, Windows 10 Home, Eng kbd",2 reviews,1.0,None,1024,$789
ProBook,Laptop,"14"", Core i5 2.6GHz, 4GB, 500GB, Win7 Pro 64bit",8 reviews,4.0,None,128,$739.99
ProBook,Laptop,"14"", Core i5 2.6GHz, 4GB, 500GB, Win7 Pro 64bit",8 reviews,4.0,None,256,$759.99
ProBook,Laptop,"14"", Core i5 2.6GHz, 4GB, 500GB, Win7 Pro 64bit",8 reviews,4.0,None,512,$779.99
ProBook,Laptop,"14"", Core i5 2.6GHz, 4GB, 500GB, Win7 Pro 64bit",8 reviews,4.0,None,1024,$799.99
Inspiron 15,Laptop,"Moon Silver, 15.6"", Core i7-4510U, 8GB, 1TB, Radeon HD R7 M265 2GB,",12 reviews,3.0,None,128,$745.99
Inspiron 15,Laptop,"Moon Silver, 15.6"", Core i7-4510U, 8GB, 1TB, Radeon HD R7 M265 2GB,",12 reviews,3.0,None,256,$765.99
Inspiron 15,Laptop,"Moon Silver, 15.6"", Core i7-4510U, 8GB, 1TB, Radeon HD R7 M265 2GB,",12 reviews,3.0,None,512,$785.99
Inspiron 15,Laptop,"Moon Silver, 15.6"", Core i7-4510U, 8GB, 1TB, Radeon HD R7 M265 2GB,",12 reviews,3.0,None,1024,$805.99
Asus ROG STRIX GL553VD-DM256,Laptop,"Asus ROG STRIX GL553VD-DM256, 15.6"" FHD, Core i5-7300HQ, 8GB, 1TB, GeForce GTX 1050 2GB, No OS",7 reviews,2.0,None,128,$799
Asus ROG STRIX GL553VD-DM256,Laptop,"Asus ROG STRIX GL553VD-DM256, 15.6"" FHD, Core i5-7300HQ, 8GB, 1TB, GeForce GTX 1050 2GB, No OS",7 reviews,2.0,None,256,$819
Asus ROG STRIX GL553VD-DM256,Laptop,"Asus ROG STRIX GL553VD-DM256, 15.6"" FHD, Core i5-7300HQ, 8GB, 1TB, GeForce GTX 1050 2GB, No OS",7 reviews,2.0,None,512,$839
Asus ROG STRIX GL553VD-DM256,Laptop,"Asus ROG STRIX GL553VD-DM256, 15.6"" FHD, Core i5-7300HQ, 8GB, 1TB, GeForce GTX 1050 2GB, No OS",7 reviews,2.0,None,1024,$859
Acer Nitro 5 AN515-51,Laptop,"Acer Nitro 5 AN515-51, 15.6"" FHD IPS, Core i5-7300HQ, 8GB, 1TB, GeForce GTX 1050 2GB, Windows 10 Home",0 reviews,1.0,None,128,$809
Acer Nitro 5 AN515-51,Laptop,"Acer Nitro 5 AN515-51, 15.6"" FHD IPS, Core i5-7300HQ, 8GB, 1TB, GeForce GTX 1050 2GB, Windows 10 Home",0 reviews,1.0,None,256,$829
Acer Nitro 5 AN515-51,Laptop,"Acer Nitro 5 AN515-51, 15.6"" FHD IPS, Core i5-7300HQ, 8GB, 1TB, GeForce GTX 1050 2GB, Windows 10 Home",0 reviews,1.0,None,512,$849
Acer Nitro 5 AN515-51,Laptop,"Acer Nitro 5 AN515-51, 15.6"" FHD IPS, Core i5-7300HQ, 8GB, 1TB, GeForce GTX 1050 2GB, Windows 10 Home",0 reviews,1.0,None,1024,$869
Asus ROG STRIX GL553VD-DM256,Laptop,"Asus ROG STRIX GL553VD-DM256, 15.6"" FHD, Core i5-7300HQ, 8GB, 1TB, GeForce GTX 1050 2GB, No OS + Windows 10 Home",7 reviews,1.0,None,128,$899
Asus ROG STRIX GL553VD-DM256,Laptop,"Asus ROG STRIX GL553VD-DM256, 15.6"" FHD, Core i5-7300HQ, 8GB, 1TB, GeForce GTX 1050 2GB, No OS + Windows 10 Home",7 reviews,1.0,None,256,$919
Asus ROG STRIX GL553VD-DM256,Laptop,"Asus ROG STRIX GL553VD-DM256, 15.6"" FHD, Core i5-7300HQ, 8GB, 1TB, GeForce GTX 1050 2GB, No OS + Windows 10 Home",7 reviews,1.0,None,512,$939
Asus ROG STRIX GL553VD-DM256,Laptop,"Asus ROG STRIX GL553VD-DM256, 15.6"" FHD, Core i5-7300HQ, 8GB, 1TB, GeForce GTX 1050 2GB, No OS + Windows 10 Home",7 reviews,1.0,None,1024,$959
Lenovo ThinkPad L570,Laptop,"Lenovo ThinkPad L570, 15.6"" FHD, Core i7-7500U, 8GB, 256GB SSD, Windows 10 Pro",11 reviews,3.0,None,128,$999
Lenovo ThinkPad L570,Laptop,"Lenovo ThinkPad L570, 15.6"" FHD, Core i7-7500U, 8GB, 256GB SSD, Windows 10 Pro",11 reviews,3.0,None,256,$1019
Lenovo ThinkPad L570,Laptop,"Lenovo ThinkPad L570, 15.6"" FHD, Core i7-7500U, 8GB, 256GB SSD, Windows 10 Pro",11 reviews,3.0,None,512,$1039
Lenovo ThinkPad L570,Laptop,"Lenovo ThinkPad L570, 15.6"" FHD, Core i7-7500U, 8GB, 256GB SSD, Windows 10 Pro",11 reviews,3.0,None,1024,$1059
ThinkPad Yoga,Laptop,"12.5"" Touch, Core i3-4010U, 4GB, 500GB + 16GB SSD Cache,",13 reviews,2.0,None,128,$1033.99
ThinkPad Yoga,Laptop,"12.5"" Touch, Core i3-4010U, 4GB, 500GB + 16GB SSD Cache,",13 reviews,2.0,None,256,$1053.99
ThinkPad Yoga,Laptop,"12.5"" Touch, Core i3-4010U, 4GB, 500GB + 16GB SSD Cache,",13 reviews,2.0,None,512,$1073.99
ThinkPad Yoga,Laptop,"12.5"" Touch, Core i3-4010U, 4GB, 500GB + 16GB SSD Cache,",13 reviews,2.0,None,1024,$1093.99
Lenovo ThinkPad L460,Laptop,"Lenovo ThinkPad L460, 14"" FHD IPS, Core i7-6600U, 8GB, 256GB SSD, Windows 10 Pro",14 reviews,4.0,None,128,$1096.02
Lenovo ThinkPad L460,Laptop,"Lenovo ThinkPad L460, 14"" FHD IPS, Core i7-6600U, 8GB, 256GB SSD, Windows 10 Pro",14 reviews,4.0,None,256,$1116.02
Lenovo ThinkPad L460,Laptop,"Lenovo ThinkPad L460, 14"" FHD IPS, Core i7-6600U, 8GB, 256GB SSD, Windows 10 Pro",14 reviews,4.0,None,512,$1136.02
Lenovo ThinkPad L460,Laptop,"Lenovo ThinkPad L460, 14"" FHD IPS, Core i7-6600U, 8GB, 256GB SSD, Windows 10 Pro",14 reviews,4.0,None,1024,$1156.02
Dell Inspiron 15 (7567) Black,Laptop,"Dell Inspiron 15 (7567) Black, 15.6"" FHD, Core i5-7300HQ, 8GB, 256GB SSD, GeForce GTX 1050 4GB, Windows 10 Home",7 reviews,1.0,None,128,$1098.42
Dell Inspiron 15 (7567) Black,Laptop,"Dell Inspiron 15 (7567) Black, 15.6"" FHD, Core i5-7300HQ, 8GB, 256GB SSD, GeForce GTX 1050 4GB, Windows 10 Home",7 reviews,1.0,None,256,$1118.42
Dell Inspiron 15 (7567) Black,Laptop,"Dell Inspiron 15 (7567) Black, 15.6"" FHD, Core i5-7300HQ, 8GB, 256GB SSD, GeForce GTX 1050 4GB, Windows 10 Home",7 reviews,1.0,None,512,$1138.42
Dell Inspiron 15 (7567) Black,Laptop,"Dell Inspiron 15 (7567) Black, 15.6"" FHD, Core i5-7300HQ, 8GB, 256GB SSD, GeForce GTX 1050 4GB, Windows 10 Home",7 reviews,1.0,None,1024,$1158.42
MSI GL72M 7RDX,Laptop,"MSI GL72M 7RDX, 17.3"" FHD, Core i5-7300HQ, 8GB, 1TB + 128GB SSD, GeForce GTX 1050 2GB, Windows 10 Home",1 reviews,4.0,None,128,$1099
MSI GL72M 7RDX,Laptop,"MSI GL72M 7RDX, 17.3"" FHD, Core i5-7300HQ, 8GB, 1TB + 128GB SSD, GeForce GTX 1050 2GB, Windows 10 Home",1 reviews,4.0,None,256,$1119
MSI GL72M 7RDX,Laptop,"MSI GL72M 7RDX, 17.3"" FHD, Core i5-7300HQ, 8GB, 1TB + 128GB SSD, GeForce GTX 1050 2GB, Windows 10 Home",1 reviews,4.0,None,512,$1139
MSI GL72M 7RDX,Laptop,"MSI GL72M 7RDX, 17.3"" FHD, Core i5-7300HQ, 8GB, 1TB + 128GB SSD, GeForce GTX 1050 2GB, Windows 10 Home",1 reviews,4.0,None,1024,$1159
MSI GL72M 7RDX,Laptop,"Asus ROG Strix GL553VD-DM535T, 15.6"" FHD, Core i7-7700HQ, 8GB, 1TB + 128GB SSD, GeForce GTX 1050 2GB, Windows 10 Home, Eng kbd",9 reviews,1.0,None,128,$1099
MSI GL72M 7RDX,Laptop,"Asus ROG Strix GL553VD-DM535T, 15.6"" FHD, Core i7-7700HQ, 8GB, 1TB + 128GB SSD, GeForce GTX 1050 2GB, Windows 10 Home, Eng kbd",9 reviews,1.0,None,256,$1119
MSI GL72M 7RDX,Laptop,"Asus ROG Strix GL553VD-DM535T, 15.6"" FHD, Core i7-7700HQ, 8GB, 1TB + 128GB SSD, GeForce GTX 1050 2GB, Windows 10 Home, Eng kbd",9 reviews,1.0,None,512,$1139
MSI GL72M 7RDX,Laptop,"Asus ROG Strix GL553VD-DM535T, 15.6"" FHD, Core i7-7700HQ, 8GB, 1TB + 128GB SSD, GeForce GTX 1050 2GB, Windows 10 Home, Eng kbd",9 reviews,1.0,None,1024,$1159
Asus ROG Strix GL553VD-DM535T,Laptop,"Apple MacBook Air 13.3"", Core i5 1.8GHz, 8GB, 128GB SSD, Intel HD 4000, RUS",4 reviews,2.0,None,128,$1101.83
Asus ROG Strix GL553VD-DM535T,Laptop,"Apple MacBook Air 13.3"", Core i5 1.8GHz, 8GB, 128GB SSD, Intel HD 4000, RUS",4 reviews,2.0,None,256,$1121.83
Asus ROG Strix GL553VD-DM535T,Laptop,"Apple MacBook Air 13.3"", Core i5 1.8GHz, 8GB, 128GB SSD, Intel HD 4000, RUS",4 reviews,2.0,None,512,$1141.83
Asus ROG Strix GL553VD-DM535T,Laptop,"Apple MacBook Air 13.3"", Core i5 1.8GHz, 8GB, 128GB SSD, Intel HD 4000, RUS",4 reviews,2.0,None,1024,$1161.83
Dell Latitude 5280,Laptop,"Dell Latitude 5280, 12.5"" HD, Core i5-7300U, 8GB, 256GB SSD, Windows 10 Pro",8 reviews,1.0,None,128,$1102.66
Dell Latitude 5280,Laptop,"Dell Latitude 5280, 12.5"" HD, Core i5-7300U, 8GB, 256GB SSD, Windows 10 Pro",8 reviews,1.0,None,256,$1122.66
Dell Latitude 5280,Laptop,"Dell Latitude 5280, 12.5"" HD, Core i5-7300U, 8GB, 256GB SSD, Windows 10 Pro",8 reviews,1.0,None,512,$1142.66
Dell Latitude 5280,Laptop,"Dell Latitude 5280, 12.5"" HD, Core i5-7300U, 8GB, 256GB SSD, Windows 10 Pro",8 reviews,1.0,None,1024,$1162.66
Dell Latitude 5480,Laptop,"Dell Latitude 5480, 14"" FHD, Core i5-7300U, 8GB, 500GB, Linux + Windows 10 Home",4 reviews,3.0,None,128,$1110.14
Dell Latitude 5480,Laptop,"Dell Latitude 5480, 14"" FHD, Core i5-7300U, 8GB, 500GB, Linux + Windows 10 Home",4 reviews,3.0,None,256,$1130.14
Dell Latitude 5480,Laptop,"Dell Latitude 5480, 14"" FHD, Core i5-7300U, 8GB, 500GB, Linux + Windows 10 Home",4 reviews,3.0,None,512,$1150.14
Dell Latitude 5480,Laptop,"Dell Latitude 5480, 14"" FHD, Core i5-7300U, 8GB, 500GB, Linux + Windows 10 Home",4 reviews,3.0,None,1024,$1170.14
Lenovo Legion Y520-15IKBM,Laptop,"Lenovo Legion Y520-15IKBM, Black, 15.6"" FHD IPS, Core i5-7300HQ, 8 GB, 128GB SSD + 2 TB HDD, NVIDIA GeForce GTX 1060 6 GB, FreeDOS + Windows 10 Home",1 reviews,4.0,None,128,$1112.91
Lenovo Legion Y520-15IKBM,Laptop,"Lenovo Legion Y520-15IKBM, Black, 15.6"" FHD IPS, Core i5-7300HQ, 8 GB, 128GB SSD + 2 TB HDD, NVIDIA GeForce GTX 1060 6 GB, FreeDOS + Windows 10 Home",1 reviews,4.0,None,256,$1132.91
Lenovo Legion Y520-15IKBM,Laptop,"Lenovo Legion Y520-15IKBM, Black, 15.6"" FHD IPS, Core i5-7300HQ, 8 GB, 128GB SSD + 2 TB HDD, NVIDIA GeForce GTX 1060 6 GB, FreeDOS + Windows 10 Home",1 reviews,4.0,None,512,$1152.91
Lenovo Legion Y520-15IKBM,Laptop,"Lenovo Legion Y520-15IKBM, Black, 15.6"" FHD IPS, Core i5-7300HQ, 8 GB, 128GB SSD + 2 TB HDD, NVIDIA GeForce GTX 1060 6 GB, FreeDOS + Windows 10 Home",1 reviews,4.0,None,1024,$1172.91
Toshiba Portege Z30-C-16J Grey,Laptop,"Toshiba Portege Z30-C-16J Grey, 13.3"" FHD, Core i5-6200U, 8GB, 256GB SSD, Windows 10 Pro",0 reviews,1.0,None,128,$1114.55
Toshiba Portege Z30-C-16J Grey,Laptop,"Toshiba Portege Z30-C-16J Grey, 13.3"" FHD, Core i5-6200U, 8GB, 256GB SSD, Windows 10 Pro",0 reviews,1.0,None,256,$1134.55
Toshiba Portege Z30-C-16J Grey,Laptop,"Toshiba Portege Z30-C-16J Grey, 13.3"" FHD, Core i5-6200U, 8GB, 256GB SSD, Windows 10 Pro",0 reviews,1.0,None,512,$1154.55
Toshiba Portege Z30-C-16J Grey,Laptop,"Toshiba Portege Z30-C-16J Grey, 13.3"" FHD, Core i5-6200U, 8GB, 256GB SSD, Windows 10 Pro",0 reviews,1.0,None,1024,$1174.55
Acer Predator Helios 300 (PH317-51),Laptop,"Acer Predator Helios 300 (PH317-51), 17.3"" FHD IPS, Core i5-7300HQ, 8GB, 1TB + 128GB SSD, GeForce GTX 1050Ti 4GB, Windows 10 Home",1 reviews,2.0,None,128,$1123.87
Acer Predator Helios 300 (PH317-51),Laptop,"Acer Predator Helios 300 (PH317-51), 17.3"" FHD IPS, Core i5-7300HQ, 8GB, 1TB + 128GB SSD, GeForce GTX 1050Ti 4GB, Windows 10 Home",1 reviews,2.0,None,256,$1143.87
Acer Predator Helios 300 (PH317-51),Laptop,"Acer Predator Helios 300 (PH317-51), 17.3"" FHD IPS, Core i5-7300HQ, 8GB, 1TB + 128GB SSD, GeForce GTX 1050Ti 4GB, Windows 10 Home",1 reviews,2.0,None,512,$1163.87
Acer Predator Helios 300 (PH317-51),Laptop,"Acer Predator Helios 300 (PH317-51), 17.3"" FHD IPS, Core i5-7300HQ, 8GB, 1TB + 128GB SSD, GeForce GTX 1050Ti 4GB, Windows 10 Home",1 reviews,2.0,None,1024,$1183.87
Acer Aspire 7 A715-71G,Laptop,"Acer Aspire 7 A715-71G, 15.6"" FHD IPS, Core i7-7700HQ, 8GB, 128GB SSD + 1TB HDD, GTX 1050 Ti 4GB, Windows 10 Home",4 reviews,2.0,None,128,$1123.87
Acer Aspire 7 A715-71G,Laptop,"Acer Aspire 7 A715-71G, 15.6"" FHD IPS, Core i7-7700HQ, 8GB, 128GB SSD + 1TB HDD, GTX 1050 Ti 4GB, Windows 10 Home",4 reviews,2.0,None,256,$1143.87
Acer Aspire 7 A715-71G,Laptop,"Acer Aspire 7 A715-71G, 15.6"" FHD IPS, Core i7-7700HQ, 8GB, 128GB SSD + 1TB HDD, GTX 1050 Ti 4GB, Windows 10 Home",4 reviews,2.0,None,512,$1163.87
Acer Aspire 7 A715-71G,Laptop,"Acer Aspire 7 A715-71G, 15.6"" FHD IPS, Core i7-7700HQ, 8GB, 128GB SSD + 1TB HDD, GTX 1050 Ti 4GB, Windows 10 Home",4 reviews,2.0,None,1024,$1183.87
Dell Inspiron 17 2in1 (7779) Silver,Laptop,"Dell Inspiron 17 2in1 (7779) Silver, 17.3"" FHD Touch, Core i5-7200U, 12GB, 1TB, GeForce GT940MX 2GB, Windows 10 Home",10 reviews,3.0,None,128,$1124.2
Dell Inspiron 17 2in1 (7779) Silver,Laptop,"Dell Inspiron 17 2in1 (7779) Silver, 17.3"" FHD Touch, Core i5-7200U, 12GB, 1TB, GeForce GT940MX 2GB, Windows 10 Home",10 reviews,3.0,None,256,$1144.2
Dell Inspiron 17 2in1 (7779) Silver,Laptop,"Dell Inspiron 17 2in1 (7779) Silver, 17.3"" FHD Touch, Core i5-7200U, 12GB, 1TB, GeForce GT940MX 2GB, Windows 10 Home",10 reviews,3.0,None,512,$1164.2
Dell Inspiron 17 2in1 (7779) Silver,Laptop,"Dell Inspiron 17 2in1 (7779) Silver, 17.3"" FHD Touch, Core i5-7200U, 12GB, 1TB, GeForce GT940MX 2GB, Windows 10 Home",10 reviews,3.0,None,1024,$1184.2
Dell Latitude 5480,Laptop,"Dell Latitude 5480, 14"" FHD, Core i5-7300U, 8GB, 500GB, Windows 10 Pro",14 reviews,4.0,None,128,$1133.82
Dell Latitude 5480,Laptop,"Dell Latitude 5480, 14"" FHD, Core i5-7300U, 8GB, 500GB, Windows 10 Pro",14 reviews,4.0,None,256,$1153.82
Dell Latitude 5480,Laptop,"Dell Latitude 5480, 14"" FHD, Core i5-7300U, 8GB, 500GB, Windows 10 Pro",14 reviews,4.0,None,512,$1173.82
Dell Latitude 5480,Laptop,"Dell Latitude 5480, 14"" FHD, Core i5-7300U, 8GB, 500GB, Windows 10 Pro",14 reviews,4.0,None,1024,$1193.82
Lenovo Legion Y520,Laptop,"Lenovo Legion Y520, 15.6"" FHD, Core i7-7700HQ, 8GB, 128 GB SSD + 1TB HDD, GTX 1050 4GB, Windows 10 Home",13 reviews,1.0,None,128,$1133.91
Lenovo Legion Y520,Laptop,"Lenovo Legion Y520, 15.6"" FHD, Core i7-7700HQ, 8GB, 128 GB SSD + 1TB HDD, GTX 1050 4GB, Windows 10 Home",13 reviews,1.0,None,256,$1153.91
Lenovo Legion Y520,Laptop,"Lenovo Legion Y520, 15.6"" FHD, Core i7-7700HQ, 8GB, 128 GB SSD + 1TB HDD, GTX 1050 4GB, Windows 10 Home",13 reviews,1.0,None,512,$1173.91
Lenovo Legion Y520,Laptop,"Lenovo Legion Y520, 15.6"" FHD, Core i7-7700HQ, 8GB, 128 GB SSD + 1TB HDD, GTX 1050 4GB, Windows 10 Home",13 reviews,1.0,None,1024,$1193.91
Asus AsusPro Advanced BU401LA-FA271G Dark Grey,Laptop,"Asus AsusPro Advanced BU401LA-FA271G Dark Grey, 14"", Core i5-4210U, 4GB, 128GB SSD, Win7 Pro 64bit, ENG",7 reviews,3.0,None,128,$1139.54
Asus AsusPro Advanced BU401LA-FA271G Dark Grey,Laptop,"Asus AsusPro Advanced BU401LA-FA271G Dark Grey, 14"", Core i5-4210U, 4GB, 128GB SSD, Win7 Pro 64bit, ENG",7 reviews,3.0,None,256,$1159.54
Asus AsusPro Advanced BU401LA-FA271G Dark Grey,Laptop,"Asus AsusPro Advanced BU401LA-FA271G Dark Grey, 14"", Core i5-4210U, 4GB, 128GB SSD, Win7 Pro 64bit, ENG",7 reviews,3.0,None,512,$1179.54
Asus AsusPro Advanced BU401LA-FA271G Dark Grey,Laptop,"Asus AsusPro Advanced BU401LA-FA271G Dark Grey, 14"", Core i5-4210U, 4GB, 128GB SSD, Win7 Pro 64bit, ENG",7 reviews,3.0,None,1024,$1199.54
Acer Nitro 5 AN515-51,Laptop,"Acer Nitro 5 AN515-51, 15.6"" FHD IPS, Core i7-7700HQ, 8GB, 256GB SSD +1TB, GeForce GTX 1050 Ti 4GB, Windows 10 Home + Windows 10 Home",14 reviews,3.0,None,128,$1140.62
Acer Nitro 5 AN515-51,Laptop,"Acer Nitro 5 AN515-51, 15.6"" FHD IPS, Core i7-7700HQ, 8GB, 256GB SSD +1TB, GeForce GTX 1050 Ti 4GB, Windows 10 Home + Windows 10 Home",14 reviews,3.0,None,256,$1160.62
Acer Nitro 5 AN515-51,Laptop,"Acer Nitro 5 AN515-51, 15.6"" FHD IPS, Core i7-7700HQ, 8GB, 256GB SSD +1TB, GeForce GTX 1050 Ti 4GB, Windows 10 Home + Windows 10 Home",14 reviews,3.0,None,512,$1180.62
Acer Nitro 5 AN515-51,Laptop,"Acer Nitro 5 AN515-51, 15.6"" FHD IPS, Core i7-7700HQ, 8GB, 256GB SSD +1TB, GeForce GTX 1050 Ti 4GB, Windows 10 Home + Windows 10 Home",14 reviews,3.0,None,1024,$1200.62
Dell Latitude 5480,Laptop,"Dell Latitude 5480, 14"" FHD, Core i5-7440HQ, 8GB, 256GB SSD, Windows 10 Pro",5 reviews,4.0,None,128,$1143.4
Dell Latitude 5480,Laptop,"Dell Latitude 5480, 14"" FHD, Core i5-7440HQ, 8GB, 256GB SSD, Windows 10 Pro",5 reviews,4.0,None,256,$1163.4
Dell Latitude 5480,Laptop,"Dell Latitude 5480, 14"" FHD, Core i5-7440HQ, 8GB, 256GB SSD, Windows 10 Pro",5 reviews,4.0,None,512,$1183.4
Dell Latitude 5480,Laptop,"Dell Latitude 5480, 14"" FHD, Core i5-7440HQ, 8GB, 256GB SSD, Windows 10 Pro",5 reviews,4.0,None,1024,$1203.4
Dell Inspiron 15 (7567) Black,Laptop,"Dell Inspiron 15 (7567) Black, 15.6"" FHD, Core i7-7700HQ, 8GB, 1TB, GeForce GTX 1050 Ti 4GB, Linux + Windows 10 Home",2 reviews,1.0,None,128,$1144.2
Dell Inspiron 15 (7567) Black,Laptop,"Dell Inspiron 15 (7567) Black, 15.6"" FHD, Core i7-7700HQ, 8GB, 1TB, GeForce GTX 1050 Ti 4GB, Linux + Windows 10 Home",2 reviews,1.0,None,256,$1164.2
Dell Inspiron 15 (7567) Black,Laptop,"Dell Inspiron 15 (7567) Black, 15.6"" FHD, Core i7-7700HQ, 8GB, 1TB, GeForce GTX 1050 Ti 4GB, Linux + Windows 10 Home",2 reviews,1.0,None,512,$1184.2
Dell Inspiron 15 (7567) Black,Laptop,"Dell Inspiron 15 (7567) Black, 15.6"" FHD, Core i7-7700HQ, 8GB, 1TB, GeForce GTX 1050 Ti 4GB, Linux + Windows 10 Home",2 reviews,1.0,None,1024,$1204.2
Dell Latitude 5580,Laptop,"Dell Latitude 5580, 15.6"" FHD, Core i5-7300U, 8GB, 256GB SSD, Windows 10 Pro",10 reviews,3.0,None,128,$1144.4
Dell Latitude 5580,Laptop,"Dell Latitude 5580, 15.6"" FHD, Core i5-7300U, 8GB, 256GB SSD, Windows 10 Pro",10 reviews,3.0,None,256,$1164.4
Dell Latitude 5580,Laptop,"Dell Latitude 5580, 15.6"" FHD, Core i5-7300U, 8GB, 256GB SSD, Windows 10 Pro",10 reviews,3.0,None,512,$1184.4
Dell Latitude 5580,Laptop,"Dell Latitude 5580, 15.6"" FHD, Core i5-7300U, 8GB, 256GB SSD, Windows 10 Pro",10 reviews,3.0,None,1024,$1204.4
Lenovo Legion Y520-15IKBM,Laptop,"Lenovo Legion Y520-15IKBM, 15.6"" FHD IPS, Core i7-7700HQ, 8GB, 128GB SSD + 1TB, GeForce GTX 1060 Max-Q 6GB, DOS",11 reviews,3.0,None,128,$1149
Lenovo Legion Y520-15IKBM,Laptop,"Lenovo Legion Y520-15IKBM, 15.6"" FHD IPS, Core i7-7700HQ, 8GB, 128GB SSD + 1TB, GeForce GTX 1060 Max-Q 6GB, DOS",11 reviews,3.0,None,256,$1169
Lenovo Legion Y520-15IKBM,Laptop,"Lenovo Legion Y520-15IKBM, 15.6"" FHD IPS, Core i7-7700HQ, 8GB, 128GB SSD + 1TB, GeForce GTX 1060 Max-Q 6GB, DOS",11 reviews,3.0,None,512,$1189
Lenovo Legion Y520-15IKBM,Laptop,"Lenovo Legion Y520-15IKBM, 15.6"" FHD IPS, Core i7-7700HQ, 8GB, 128GB SSD + 1TB, GeForce GTX 1060 Max-Q 6GB, DOS",11 reviews,3.0,None,1024,$1209
MSI GP62M 7RDX Leopard,Laptop,"MSI GP62M 7RDX Leopard, 15.6"" FHD, Core i7-7700HQ, 8GB, 1TB + 128GB SSD, GeForce GTX 1050 2GB, Windows 10 Home",11 reviews,1.0,None,128,$1149
MSI GP62M 7RDX Leopard,Laptop,"MSI GP62M 7RDX Leopard, 15.6"" FHD, Core i7-7700HQ, 8GB, 1TB + 128GB SSD, GeForce GTX 1050 2GB, Windows 10 Home",11 reviews,1.0,None,256,$1169
MSI GP62M 7RDX Leopard,Laptop,"MSI GP62M 7RDX Leopard, 15.6"" FHD, Core i7-7700HQ, 8GB, 1TB + 128GB SSD, GeForce GTX 1050 2GB, Windows 10 Home",11 reviews,1.0,None,512,$1189
MSI GP62M 7RDX Leopard,Laptop,"MSI GP62M 7RDX Leopard, 15.6"" FHD, Core i7-7700HQ, 8GB, 1TB + 128GB SSD, GeForce GTX 1050 2GB, Windows 10 Home",11 reviews,1.0,None,1024,$1209
Lenovo Yoga 720 Grey,Laptop,"Lenovo Yoga 720 Grey, 15.6"" FHD IPS, Core i5-7300HQ, 8GB, 256GB SSD, GeForce GTX 1050 2GB, Windows 10 Home",12 reviews,2.0,None,128,$1149.73
Lenovo Yoga 720 Grey,Laptop,"Lenovo Yoga 720 Grey, 15.6"" FHD IPS, Core i5-7300HQ, 8GB, 256GB SSD, GeForce GTX 1050 2GB, Windows 10 Home",12 reviews,2.0,None,256,$1169.73
Lenovo Yoga 720 Grey,Laptop,"Lenovo Yoga 720 Grey, 15.6"" FHD IPS, Core i5-7300HQ, 8GB, 256GB SSD, GeForce GTX 1050 2GB, Windows 10 Home",12 reviews,2.0,None,512,$1189.73
Lenovo Yoga 720 Grey,Laptop,"Lenovo Yoga 720 Grey, 15.6"" FHD IPS, Core i5-7300HQ, 8GB, 256GB SSD, GeForce GTX 1050 2GB, Windows 10 Home",12 reviews,2.0,None,1024,$1209.73
Toshiba Portege Z30-C-16L Grey,Laptop,"Toshiba Portege Z30-C-16L Grey, 13.3"" FHD, Core i7-6500U, 8GB, 256GB SSD, Windows 10 Pro",7 reviews,1.0,None,128,$1154.04
Toshiba Portege Z30-C-16L Grey,Laptop,"Toshiba Portege Z30-C-16L Grey, 13.3"" FHD, Core i7-6500U, 8GB, 256GB SSD, Windows 10 Pro",7 reviews,1.0,None,256,$1174.04
Toshiba Portege Z30-C-16L Grey,Laptop,"Toshiba Portege Z30-C-16L Grey, 13.3"" FHD, Core i7-6500U, 8GB, 256GB SSD, Windows 10 Pro",7 reviews,1.0,None,512,$1194.04
Toshiba Portege Z30-C-16L Grey,Laptop,"Toshiba Portege Z30-C-16L Grey, 13.3"" FHD, Core i7-6500U, 8GB, 256GB SSD, Windows 10 Pro",7 reviews,1.0,None,1024,$1214.04
Acer TravelMate P645-S-511A Black,Laptop,"Acer TravelMate P645-S-511A Black, 14"" FHD IPS, Core i5-5200U, 8GB, 256GB SSD, 3G, Windows 10 Pro",0 reviews,1.0,None,128,$1170.1
Acer TravelMate P645-S-511A Black,Laptop,"Acer TravelMate P645-S-511A Black, 14"" FHD IPS, Core i5-5200U, 8GB, 256GB SSD, 3G, Windows 10 Pro",0 reviews,1.0,None,256,$1190.1
Acer TravelMate P645-S-511A Black,Laptop,"Acer TravelMate P645-S-511A Black, 14"" FHD IPS, Core i5-5200U, 8GB, 256GB SSD, 3G, Windows 10 Pro",0 reviews,1.0,None,512,$1210.1
Acer TravelMate P645-S-511A Black,Laptop,"Acer TravelMate P645-S-511A Black, 14"" FHD IPS, Core i5-5200U, 8GB, 256GB SSD, 3G, Windows 10 Pro",0 reviews,1.0,None,1024,$1230.1
Dell Latitude 5580,Laptop,"Dell Latitude 5580, 15.6"" FHD, Core i5-7300U, 16GB, 256GB SSD, Linux + Windows 10 Home",6 reviews,3.0,None,128,$1178.19
Dell Latitude 5580,Laptop,"Dell Latitude 5580, 15.6"" FHD, Core i5-7300U, 16GB, 256GB SSD, Linux + Windows 10 Home",6 reviews,3.0,None,256,$1198.19
Dell Latitude 5580,Laptop,"Dell Latitude 5580, 15.6"" FHD, Core i5-7300U, 16GB, 256GB SSD, Linux + Windows 10 Home",6 reviews,3.0,None,512,$1218.19
Dell Latitude 5580,Laptop,"Dell Latitude 5580, 15.6"" FHD, Core i5-7300U, 16GB, 256GB SSD, Linux + Windows 10 Home",6 reviews,3.0,None,1024,$1238.19
ThinkPad T540p,Laptop,"15.6"", Core i5-4200M, 4GB, 500GB, Win7 Pro 64bit",2 reviews,1.0,None,128,$1178.99
ThinkPad T540p,Laptop,"15.6"", Core i5-4200M, 4GB, 500GB, Win7 Pro 64bit",2 reviews,1.0,None,256,$1198.99
ThinkPad T540p,Laptop,"15.6"", Core i5-4200M, 4GB, 500GB, Win7 Pro 64bit",2 reviews,1.0,None,512,$1218.99
ThinkPad T540p,Laptop,"15.6"", Core i5-4200M, 4GB, 500GB, Win7 Pro 64bit",2 reviews,1.0,None,1024,$1238.99
MSI GS63 7RD Stealth,Laptop,"MSI GS63 7RD Stealth, 15.6"" FHD IPS, Core i7-7700HQ, 8GB, 256GB SSD, GeForce GTX 1050 2GB, DOS + Windows 10 Home",2 reviews,1.0,None,128,$1179
MSI GS63 7RD Stealth,Laptop,"MSI GS63 7RD Stealth, 15.6"" FHD IPS, Core i7-7700HQ, 8GB, 256GB SSD, GeForce GTX 1050 2GB, DOS + Windows 10 Home",2 reviews,1.0,None,256,$1199
MSI GS63 7RD Stealth,Laptop,"MSI GS63 7RD Stealth, 15.6"" FHD IPS, Core i7-7700HQ, 8GB, 256GB SSD, GeForce GTX 1050 2GB, DOS + Windows 10 Home",2 reviews,1.0,None,512,$1219
MSI GS63 7RD Stealth,Laptop,"MSI GS63 7RD Stealth, 15.6"" FHD IPS, Core i7-7700HQ, 8GB, 256GB SSD, GeForce GTX 1050 2GB, DOS + Windows 10 Home",2 reviews,1.0,None,1024,$1239
Dell Latitude 5480,Laptop,"Dell Latitude 5480, 14"" FHD, Core i5-7300U, 8GB, 256GB SSD, Windows 10 Pro",5 reviews,3.0,None,128,$1187.88
Dell Latitude 5480,Laptop,"Dell Latitude 5480, 14"" FHD, Core i5-7300U, 8GB, 256GB SSD, Windows 10 Pro",5 reviews,3.0,None,256,$1207.88
Dell Latitude 5480,Laptop,"Dell Latitude 5480, 14"" FHD, Core i5-7300U, 8GB, 256GB SSD, Windows 10 Pro",5 reviews,3.0,None,512,$1227.88
Dell Latitude 5480,Laptop,"Dell Latitude 5480, 14"" FHD, Core i5-7300U, 8GB, 256GB SSD, Windows 10 Pro",5 reviews,3.0,None,1024,$1247.88
Acer Predator Helios 300 (PH317-51),Laptop,"Acer Predator Helios 300 (PH317-51), 17.3"" FHD IPS, Core i7-7700HQ. 8GB, 128GB SSD +1TB, GeForce GTX 1050Ti 4GB, Linux + Windows 10 Home",14 reviews,3.0,None,128,$1187.98
Acer Predator Helios 300 (PH317-51),Laptop,"Acer Predator Helios 300 (PH317-51), 17.3"" FHD IPS, Core i7-7700HQ. 8GB, 128GB SSD +1TB, GeForce GTX 1050Ti 4GB, Linux + Windows 10 Home",14 reviews,3.0,None,256,$1207.98
Acer Predator Helios 300 (PH317-51),Laptop,"Acer Predator Helios 300 (PH317-51), 17.3"" FHD IPS, Core i7-7700HQ. 8GB, 128GB SSD +1TB, GeForce GTX 1050Ti 4GB, Linux + Windows 10 Home",14 reviews,3.0,None,512,$1227.98
Acer Predator Helios 300 (PH317-51),Laptop,"Acer Predator Helios 300 (PH317-51), 17.3"" FHD IPS, Core i7-7700HQ. 8GB, 128GB SSD +1TB, GeForce GTX 1050Ti 4GB, Linux + Windows 10 Home",14 reviews,3.0,None,1024,$1247.98
MSI GL62M 7REX,Laptop,"MSI GL62M 7REX, 15.6"" FHD, Core i7-7700HQ, 8GB, 1TB + 128GB SSD, GeForce GTX 1050 Ti 2GB, Windows 10 Home",7 reviews,1.0,None,128,$1199
MSI GL62M 7REX,Laptop,"MSI GL62M 7REX, 15.6"" FHD, Core i7-7700HQ, 8GB, 1TB + 128GB SSD, GeForce GTX 1050 Ti 2GB, Windows 10 Home",7 reviews,1.0,None,256,$1219
MSI GL62M 7REX,Laptop,"MSI GL62M 7REX, 15.6"" FHD, Core i7-7700HQ, 8GB, 1TB + 128GB SSD, GeForce GTX 1050 Ti 2GB, Windows 10 Home",7 reviews,1.0,None,512,$1239
MSI GL62M 7REX,Laptop,"MSI GL62M 7REX, 15.6"" FHD, Core i7-7700HQ, 8GB, 1TB + 128GB SSD, GeForce GTX 1050 Ti 2GB, Windows 10 Home",7 reviews,1.0,None,1024,$1259
MSI GL62M 7REX2,Laptop,"MSI GL62M 7REX2, 15.6"" FHD, Core i7-7700HQ, 8GB, 1TB + 128GB SSD, GeForce GTX 1050 Ti 2GB, Windows 10 Home",12 reviews,2.0,None,128,$1199
MSI GL62M 7REX2,Laptop,"MSI GL62M 7REX2, 15.6"" FHD, Core i7-7700HQ, 8GB, 1TB + 128GB SSD, GeForce GTX 1050 Ti 2GB, Windows 10 Home",12 reviews,2.0,None,256,$1219
MSI GL62M 7REX2,Laptop,"MSI GL62M 7REX2, 15.6"" FHD, Core i7-7700HQ, 8GB, 1TB + 128GB SSD, GeForce GTX 1050 Ti 2GB, Windows 10 Home",12 reviews,2.0,None,512,$1239
MSI GL62M 7REX2,Laptop,"MSI GL62M 7REX2, 15.6"" FHD, Core i7-7700HQ, 8GB, 1TB + 128GB SSD, GeForce GTX 1050 Ti 2GB, Windows 10 Home",12 reviews,2.0,None,1024,$1259
Lenovo Yoga 910 Grey,Laptop,"Lenovo Yoga 910 Grey, 13.9"" FHD Touch, Core i5-7200U, 8GB, 256GB SSD, Windows 10 Home",7 reviews,3.0,None,128,$1199.73
Lenovo Yoga 910 Grey,Laptop,"Lenovo Yoga 910 Grey, 13.9"" FHD Touch, Core i5-7200U, 8GB, 256GB SSD, Windows 10 Home",7 reviews,3.0,None,256,$1219.73
Lenovo Yoga 910 Grey,Laptop,"Lenovo Yoga 910 Grey, 13.9"" FHD Touch, Core i5-7200U, 8GB, 256GB SSD, Windows 10 Home",7 reviews,3.0,None,512,$1239.73
Lenovo Yoga 910 Grey,Laptop,"Lenovo Yoga 910 Grey, 13.9"" FHD Touch, Core i5-7200U, 8GB, 256GB SSD, Windows 10 Home",7 reviews,3.0,None,1024,$1259.73
Toshiba Portege X30-D-10J Black/Blue,Laptop,"Toshiba Portege X30-D-10J Black/Blue, 13.3"" FHD IPS, Core i5-7200U, 8GB, 256GB SSD, Windows 10 Pro",13 reviews,4.0,None,128,$1203.41
Toshiba Portege X30-D-10J Black/Blue,Laptop,"Toshiba Portege X30-D-10J Black/Blue, 13.3"" FHD IPS, Core i5-7200U, 8GB, 256GB SSD, Windows 10 Pro",13 reviews,4.0,None,256,$1223.41
Toshiba Portege X30-D-10J Black/Blue,Laptop,"Toshiba Portege X30-D-10J Black/Blue, 13.3"" FHD IPS, Core i5-7200U, 8GB, 256GB SSD, Windows 10 Pro",13 reviews,4.0,None,512,$1243.41
Toshiba Portege X30-D-10J Black/Blue,Laptop,"Toshiba Portege X30-D-10J Black/Blue, 13.3"" FHD IPS, Core i5-7200U, 8GB, 256GB SSD, Windows 10 Pro",13 reviews,4.0,None,1024,$1263.41
Lenovo IdeaPad Miix 510 Platinum Silver,Laptop,"Lenovo IdeaPad Miix 510 Platinum Silver, 12.2"" IPS Touch, Core i5-7200U, 8GB, 256GB SSD, 4G, Windows 10 Pro",0 reviews,4.0,None,128,$1212.16
Lenovo IdeaPad Miix 510 Platinum Silver,Laptop,"Lenovo IdeaPad Miix 510 Platinum Silver, 12.2"" IPS Touch, Core i5-7200U, 8GB, 256GB SSD, 4G, Windows 10 Pro",0 reviews,4.0,None,256,$1232.16
Lenovo IdeaPad Miix 510 Platinum Silver,Laptop,"Lenovo IdeaPad Miix 510 Platinum Silver, 12.2"" IPS Touch, Core i5-7200U, 8GB, 256GB SSD, 4G, Windows 10 Pro",0 reviews,4.0,None,512,$1252.16
Lenovo IdeaPad Miix 510 Platinum Silver,Laptop,"Lenovo IdeaPad Miix 510 Platinum Silver, 12.2"" IPS Touch, Core i5-7200U, 8GB, 256GB SSD, 4G, Windows 10 Pro",0 reviews,4.0,None,1024,$1272.16
Acer Predator Helios 300 (PH317-51),Laptop,"Acer Predator Helios 300 (PH317-51), 17.3"" FHD IPS, Core i7-7700HQ, 8GB, 1TB + 128GB SSD, GeForce GTX 1050 Ti 4GB, Windows 10 Home",9 reviews,1.0,None,128,$1221.58
Acer Predator Helios 300 (PH317-51),Laptop,"Acer Predator Helios 300 (PH317-51), 17.3"" FHD IPS, Core i7-7700HQ, 8GB, 1TB + 128GB SSD, GeForce GTX 1050 Ti 4GB, Windows 10 Home",9 reviews,1.0,None,256,$1241.58
Acer Predator Helios 300 (PH317-51),Laptop,"Acer Predator Helios 300 (PH317-51), 17.3"" FHD IPS, Core i7-7700HQ, 8GB, 1TB + 128GB SSD, GeForce GTX 1050 Ti 4GB, Windows 10 Home",9 reviews,1.0,None,512,$1261.58
Acer Predator Helios 300 (PH317-51),Laptop,"Acer Predator Helios 300 (PH317-51), 17.3"" FHD IPS, Core i7-7700HQ, 8GB, 1TB + 128GB SSD, GeForce GTX 1050 Ti 4GB, Windows 10 Home",9 reviews,1.0,None,1024,$1281.58
ThinkPad Yoga,Laptop,"12.5"" Touch, Core i5 4200U, 8GB, 500GB + 16GB SSD Cache, Windows",2 reviews,3.0,None,128,$1223.99
ThinkPad Yoga,Laptop,"12.5"" Touch, Core i5 4200U, 8GB, 500GB + 16GB SSD Cache, Windows",2 reviews,3.0,None,256,$1243.99
ThinkPad Yoga,Laptop,"12.5"" Touch, Core i5 4200U, 8GB, 500GB + 16GB SSD Cache, Windows",2 reviews,3.0,None,512,$1263.99
ThinkPad Yoga,Laptop,"12.5"" Touch, Core i5 4200U, 8GB, 500GB + 16GB SSD Cache, Windows",2 reviews,3.0,None,1024,$1283.99
Asus VivoBook Pro 15 N580VN-FI006T Gold Metal,Laptop,"Asus VivoBook Pro 15 N580VN-FI006T Gold Metal, 15.6"" UHD, Core i7-7700HQ, 16GB, 1TB + 256GB SSD, GeForce MX150 2GB, Windows 10 Home, Eng kbd",10 reviews,2.0,None,128,$1235.49
Asus VivoBook Pro 15 N580VN-FI006T Gold Metal,Laptop,"Asus VivoBook Pro 15 N580VN-FI006T Gold Metal, 15.6"" UHD, Core i7-7700HQ, 16GB, 1TB + 256GB SSD, GeForce MX150 2GB, Windows 10 Home, Eng kbd",10 reviews,2.0,None,256,$1255.49
Asus VivoBook Pro 15 N580VN-FI006T Gold Metal,Laptop,"Asus VivoBook Pro 15 N580VN-FI006T Gold Metal, 15.6"" UHD, Core i7-7700HQ, 16GB, 1TB + 256GB SSD, GeForce MX150 2GB, Windows 10 Home, Eng kbd",10 reviews,2.0,None,512,$1275.49
Asus VivoBook Pro 15 N580VN-FI006T Gold Metal,Laptop,"Asus VivoBook Pro 15 N580VN-FI006T Gold Metal, 15.6"" UHD, Core i7-7700HQ, 16GB, 1TB + 256GB SSD, GeForce MX150 2GB, Windows 10 Home, Eng kbd",10 reviews,2.0,None,1024,$1295.49
Dell Latitude 5480,Laptop,"Dell Latitude 5480, 14"" FHD, Core i7-7600U, 8GB, 256GB SSD, Linux",0 reviews,2.0,None,128,$1238.37
Dell Latitude 5480,Laptop,"Dell Latitude 5480, 14"" FHD, Core i7-7600U, 8GB, 256GB SSD, Linux",0 reviews,2.0,None,256,$1258.37
Dell Latitude 5480,Laptop,"Dell Latitude 5480, 14"" FHD, Core i7-7600U, 8GB, 256GB SSD, Linux",0 reviews,2.0,None,512,$1278.37
Dell Latitude 5480,Laptop,"Dell Latitude 5480, 14"" FHD, Core i7-7600U, 8GB, 256GB SSD, Linux",0 reviews,2.0,None,1024,$1298.37
Asus ZenBook UX530UX-FY040T Blue,Laptop,"Asus ZenBook UX530UX-FY040T Blue, 15.6"" FHD, Core i7-7500U, 8GB, 512GB SSD, GeForce GTX950M 2GB, Windows 10 Home, Eng kbd",14 reviews,1.0,None,128,$1239.2
Asus ZenBook UX530UX-FY040T Blue,Laptop,"Asus ZenBook UX530UX-FY040T Blue, 15.6"" FHD, Core i7-7500U, 8GB, 512GB SSD, GeForce GTX950M 2GB, Windows 10 Home, Eng kbd",14 reviews,1.0,None,256,$1259.2
Asus ZenBook UX530UX-FY040T Blue,Laptop,"Asus ZenBook UX530UX-FY040T Blue, 15.6"" FHD, Core i7-7500U, 8GB, 512GB SSD, GeForce GTX950M 2GB, Windows 10 Home, Eng kbd",14 reviews,1.0,None,512,$1279.2
Asus ZenBook UX530UX-FY040T Blue,Laptop,"Asus ZenBook UX530UX-FY040T Blue, 15.6"" FHD, Core i7-7500U, 8GB, 512GB SSD, GeForce GTX950M 2GB, Windows 10 Home, Eng kbd",14 reviews,1.0,None,1024,$1299.2
ThinkPad X230,Laptop,"12.5"", Core i5 2.6GHz, 8GB, 180GB SSD, Win7 Pro 64bit",10 reviews,3.0,None,128,$1244.99
ThinkPad X230,Laptop,"12.5"", Core i5 2.6GHz, 8GB, 180GB SSD, Win7 Pro 64bit",10 reviews,3.0,None,256,$1264.99
ThinkPad X230,Laptop,"12.5"", Core i5 2.6GHz, 8GB, 180GB SSD, Win7 Pro 64bit",10 reviews,3.0,None,512,$1284.99
ThinkPad X230,Laptop,"12.5"", Core i5 2.6GHz, 8GB, 180GB SSD, Win7 Pro 64bit",10 reviews,3.0,None,1024,$1304.99
Asus ROG Strix GL753VE-GC096T,Laptop,"Asus ROG Strix GL753VE-GC096T, 17.3"" FHD, Core i7-7700HQ, 8GB, 1TB + 128GB SSD, GeForce GTX 1050 Ti 4GB, Windows 10 Home, Eng kbd",7 reviews,4.0,None,128,$1259
Asus ROG Strix GL753VE-GC096T,Laptop,"Asus ROG Strix GL753VE-GC096T, 17.3"" FHD, Core i7-7700HQ, 8GB, 1TB + 128GB SSD, GeForce GTX 1050 Ti 4GB, Windows 10 Home, Eng kbd",7 reviews,4.0,None,256,$1279
Asus ROG Strix GL753VE-GC096T,Laptop,"Asus ROG Strix GL753VE-GC096T, 17.3"" FHD, Core i7-7700HQ, 8GB, 1TB + 128GB SSD, GeForce GTX 1050 Ti 4GB, Windows 10 Home, Eng kbd",7 reviews,4.0,None,512,$1299
Asus ROG Strix GL753VE-GC096T,Laptop,"Asus ROG Strix GL753VE-GC096T, 17.3"" FHD, Core i7-7700HQ, 8GB, 1TB + 128GB SSD, GeForce GTX 1050 Ti 4GB, Windows 10 Home, Eng kbd",7 reviews,4.0,None,1024,$1319
"Apple MacBook Air 13""",Laptop,"Apple MacBook Air 13"", i5 1.8GHz, 8GB, 256GB SSD, Intel HD 6000, ENG",8 reviews,4.0,None,128,$1260.13
"Apple MacBook Air 13""",Laptop,"Apple MacBook Air 13"", i5 1.8GHz, 8GB, 256GB SSD, Intel HD 6000, ENG",8 reviews,4.0,None,256,$1280.13
"Apple MacBook Air 13""",Laptop,"Apple MacBook Air 13"", i5 1.8GHz, 8GB, 256GB SSD, Intel HD 6000, ENG",8 reviews,4.0,None,512,$1300.13
"Apple MacBook Air 13""",Laptop,"Apple MacBook Air 13"", i5 1.8GHz, 8GB, 256GB SSD, Intel HD 6000, ENG",8 reviews,4.0,None,1024,$1320.13
Dell Latitude 5480,Laptop,"Dell Latitude 5480, 14"" FHD, Core i7-7600U, 8GB, 1TB, GeForce GT930MX, Windows 10 Pro",13 reviews,1.0,None,128,$1271.06
Dell Latitude 5480,Laptop,"Dell Latitude 5480, 14"" FHD, Core i7-7600U, 8GB, 1TB, GeForce GT930MX, Windows 10 Pro",13 reviews,1.0,None,256,$1291.06
Dell Latitude 5480,Laptop,"Dell Latitude 5480, 14"" FHD, Core i7-7600U, 8GB, 1TB, GeForce GT930MX, Windows 10 Pro",13 reviews,1.0,None,512,$1311.06
Dell Latitude 5480,Laptop,"Dell Latitude 5480, 14"" FHD, Core i7-7600U, 8GB, 1TB, GeForce GT930MX, Windows 10 Pro",13 reviews,1.0,None,1024,$1331.06
Hewlett Packard Spectre 13-v106na Dark Ash Silver,Laptop,"Hewlett Packard Spectre 13-v106na Dark Ash Silver, 13.3"" FHD IPS, Core i5-7200U, 8GB, 256GB SSD, Windows 10 Home",8 reviews,3.0,None,128,$1273.11
Hewlett Packard Spectre 13-v106na Dark Ash Silver,Laptop,"Hewlett Packard Spectre 13-v106na Dark Ash Silver, 13.3"" FHD IPS, Core i5-7200U, 8GB, 256GB SSD, Windows 10 Home",8 reviews,3.0,None,256,$1293.11
Hewlett Packard Spectre 13-v106na Dark Ash Silver,Laptop,"Hewlett Packard Spectre 13-v106na Dark Ash Silver, 13.3"" FHD IPS, Core i5-7200U, 8GB, 256GB SSD, Windows 10 Home",8 reviews,3.0,None,512,$1313.11
Hewlett Packard Spectre 13-v106na Dark Ash Silver,Laptop,"Hewlett Packard Spectre 13-v106na Dark Ash Silver, 13.3"" FHD IPS, Core i5-7200U, 8GB, 256GB SSD, Windows 10 Home",8 reviews,3.0,None,1024,$1333.11
Dell XPS 13,Laptop,"13.3"" Touch, Core i5-4210U, 8GB, 128GB SSD, Windows 8.1",4 reviews,3.0,None,128,$1281.99
Dell XPS 13,Laptop,"13.3"" Touch, Core i5-4210U, 8GB, 128GB SSD, Windows 8.1",4 reviews,3.0,None,256,$1301.99
Dell XPS 13,Laptop,"13.3"" Touch, Core i5-4210U, 8GB, 128GB SSD, Windows 8.1",4 reviews,3.0,None,512,$1321.99
Dell XPS 13,Laptop,"13.3"" Touch, Core i5-4210U, 8GB, 128GB SSD, Windows 8.1",4 reviews,3.0,None,1024,$1341.99
Toshiba Portege Z30-C-16K Grey,Laptop,"Toshiba Portege Z30-C-16K Grey, 13.3"" FHD, Core i5-6200U, 8GB, 256GB SSD, 4G, Windows 10 Pro",6 reviews,1.0,None,128,$1294.74
Toshiba Portege Z30-C-16K Grey,Laptop,"Toshiba Portege Z30-C-16K Grey, 13.3"" FHD, Core i5-6200U, 8GB, 256GB SSD, 4G, Windows 10 Pro",6 reviews,1.0,None,256,$1314.74
Toshiba Portege Z30-C-16K Grey,Laptop,"Toshiba Portege Z30-C-16K Grey, 13.3"" FHD, Core i5-6200U, 8GB, 256GB SSD, 4G, Windows 10 Pro",6 reviews,1.0,None,512,$1334.74
Toshiba Portege Z30-C-16K Grey,Laptop,"Toshiba Portege Z30-C-16K Grey, 13.3"" FHD, Core i5-6200U, 8GB, 256GB SSD, 4G, Windows 10 Pro",6 reviews,1.0,None,1024,$1354.74
MSI GL62VR 7RFX,Laptop,"MSI GL62VR 7RFX, 15.6"" FHD, Core i7-7700HQ, 8GB, 1TB + 256GB SSD, GeForce GTX 1060 3GB, Windows 10 Home",1 reviews,3.0,None,128,$1299
MSI GL62VR 7RFX,Laptop,"MSI GL62VR 7RFX, 15.6"" FHD, Core i7-7700HQ, 8GB, 1TB + 256GB SSD, GeForce GTX 1060 3GB, Windows 10 Home",1 reviews,3.0,None,256,$1319
MSI GL62VR 7RFX,Laptop,"MSI GL62VR 7RFX, 15.6"" FHD, Core i7-7700HQ, 8GB, 1TB + 256GB SSD, GeForce GTX 1060 3GB, Windows 10 Home",1 reviews,3.0,None,512,$1339
MSI GL62VR 7RFX,Laptop,"MSI GL62VR 7RFX, 15.6"" FHD, Core i7-7700HQ, 8GB, 1TB + 256GB SSD, GeForce GTX 1060 3GB, Windows 10 Home",1 reviews,3.0,None,1024,$1359
Dell Latitude 5480,Laptop,"Dell Latitude 5480, 14"" FHD, Core i7-7600U, 8GB, 256GB SSD, Windows 10 Pro",8 reviews,3.0,None,128,$1310.39
Dell Latitude 5480,Laptop,"Dell Latitude 5480, 14"" FHD, Core i7-7600U, 8GB, 256GB SSD, Windows 10 Pro",8 reviews,3.0,None,256,$1330.39
Dell Latitude 5480,Laptop,"Dell Latitude 5480, 14"" FHD, Core i7-7600U, 8GB, 256GB SSD, Windows 10 Pro",8 reviews,3.0,None,512,$1350.39
Dell Latitude 5480,Laptop,"Dell Latitude 5480, 14"" FHD, Core i7-7600U, 8GB, 256GB SSD, Windows 10 Pro",8 reviews,3.0,None,1024,$1370.39
ThinkPad X240,Laptop,"12.5"", Core i5-4300U, 8GB, 240GB SSD, Win7 Pro 64bit",12 reviews,3.0,None,128,$1311.99
ThinkPad X240,Laptop,"12.5"", Core i5-4300U, 8GB, 240GB SSD, Win7 Pro 64bit",12 reviews,3.0,None,256,$1331.99
ThinkPad X240,Laptop,"12.5"", Core i5-4300U, 8GB, 240GB SSD, Win7 Pro 64bit",12 reviews,3.0,None,512,$1351.99
ThinkPad X240,Laptop,"12.5"", Core i5-4300U, 8GB, 240GB SSD, Win7 Pro 64bit",12 reviews,3.0,None,1024,$1371.99
Hewlett Packard ProBook 640 G3,Laptop,"Hewlett Packard ProBook 640 G3, 14"" FHD, Core i7-7600U, 8GB, 256GB SSD, Windows 10 Pro",2 reviews,1.0,None,128,$1326.83
Hewlett Packard ProBook 640 G3,Laptop,"Hewlett Packard ProBook 640 G3, 14"" FHD, Core i7-7600U, 8GB, 256GB SSD, Windows 10 Pro",2 reviews,1.0,None,256,$1346.83
Hewlett Packard ProBook 640 G3,Laptop,"Hewlett Packard ProBook 640 G3, 14"" FHD, Core i7-7600U, 8GB, 256GB SSD, Windows 10 Pro",2 reviews,1.0,None,512,$1366.83
Hewlett Packard ProBook 640 G3,Laptop,"Hewlett Packard ProBook 640 G3, 14"" FHD, Core i7-7600U, 8GB, 256GB SSD, Windows 10 Pro",2 reviews,1.0,None,1024,$1386.83
"Apple MacBook Pro 13"" Space Gray",Laptop,"Apple MacBook Pro 13"" Space Gray, Core i5 2.3GHz, 8GB, 128GB SSD, Iris Plus 640, ENG",0 reviews,1.0,None,128,$1333
"Apple MacBook Pro 13"" Space Gray",Laptop,"Apple MacBook Pro 13"" Space Gray, Core i5 2.3GHz, 8GB, 128GB SSD, Iris Plus 640, ENG",0 reviews,1.0,None,256,$1353
"Apple MacBook Pro 13"" Space Gray",Laptop,"Apple MacBook Pro 13"" Space Gray, Core i5 2.3GHz, 8GB, 128GB SSD, Iris Plus 640, ENG",0 reviews,1.0,None,512,$1373
"Apple MacBook Pro 13"" Space Gray",Laptop,"Apple MacBook Pro 13"" Space Gray, Core i5 2.3GHz, 8GB, 128GB SSD, Iris Plus 640, ENG",0 reviews,1.0,None,1024,$1393
Dell Latitude 5580,Laptop,"Dell Latitude 5580, 15.6"" FHD, Core i7-7600U, 8GB, 256GB SSD, GeForce GT930MX, Windows 10 Pro",6 reviews,1.0,None,128,$1337.28
Dell Latitude 5580,Laptop,"Dell Latitude 5580, 15.6"" FHD, Core i7-7600U, 8GB, 256GB SSD, GeForce GT930MX, Windows 10 Pro",6 reviews,1.0,None,256,$1357.28
Dell Latitude 5580,Laptop,"Dell Latitude 5580, 15.6"" FHD, Core i7-7600U, 8GB, 256GB SSD, GeForce GT930MX, Windows 10 Pro",6 reviews,1.0,None,512,$1377.28
Dell Latitude 5580,Laptop,"Dell Latitude 5580, 15.6"" FHD, Core i7-7600U, 8GB, 256GB SSD, GeForce GT930MX, Windows 10 Pro",6 reviews,1.0,None,1024,$1397.28
Dell Latitude 5480,Laptop,"Dell Latitude 5480, 14"" FHD, Core i7-7600U, 8GB, 256GB SSD, Linux + Windows 10 Home",11 reviews,2.0,None,128,$1338.37
Dell Latitude 5480,Laptop,"Dell Latitude 5480, 14"" FHD, Core i7-7600U, 8GB, 256GB SSD, Linux + Windows 10 Home",11 reviews,2.0,None,256,$1358.37
Dell Latitude 5480,Laptop,"Dell Latitude 5480, 14"" FHD, Core i7-7600U, 8GB, 256GB SSD, Linux + Windows 10 Home",11 reviews,2.0,None,512,$1378.37
Dell Latitude 5480,Laptop,"Dell Latitude 5480, 14"" FHD, Core i7-7600U, 8GB, 256GB SSD, Linux + Windows 10 Home",11 reviews,2.0,None,1024,$1398.37
Dell Latitude 5580,Laptop,"Dell Latitude 5580, 15.6"" FHD, Core i7-7600U, 16GB, 256GB SSD, GeForce GT930MX, Linux",3 reviews,3.0,None,128,$1341.22
Dell Latitude 5580,Laptop,"Dell Latitude 5580, 15.6"" FHD, Core i7-7600U, 16GB, 256GB SSD, GeForce GT930MX, Linux",3 reviews,3.0,None,256,$1361.22
Dell Latitude 5580,Laptop,"Dell Latitude 5580, 15.6"" FHD, Core i7-7600U, 16GB, 256GB SSD, GeForce GT930MX, Linux",3 reviews,3.0,None,512,$1381.22
Dell Latitude 5580,Laptop,"Dell Latitude 5580, 15.6"" FHD, Core i7-7600U, 16GB, 256GB SSD, GeForce GT930MX, Linux",3 reviews,3.0,None,1024,$1401.22
"Apple MacBook Air 13""",Laptop,"Apple MacBook Air 13"", Intel Core i5 1.8GHz, 8GB, 256GB SSD, Intel HD 6000, RUS",11 reviews,2.0,None,128,$1347.78
"Apple MacBook Air 13""",Laptop,"Apple MacBook Air 13"", Intel Core i5 1.8GHz, 8GB, 256GB SSD, Intel HD 6000, RUS",11 reviews,2.0,None,256,$1367.78
"Apple MacBook Air 13""",Laptop,"Apple MacBook Air 13"", Intel Core i5 1.8GHz, 8GB, 256GB SSD, Intel HD 6000, RUS",11 reviews,2.0,None,512,$1387.78
"Apple MacBook Air 13""",Laptop,"Apple MacBook Air 13"", Intel Core i5 1.8GHz, 8GB, 256GB SSD, Intel HD 6000, RUS",11 reviews,2.0,None,1024,$1407.78
Lenovo ThinkPad T470,Laptop,"Lenovo ThinkPad T470, 14"" FHD IPS, Core i5-7200U, 8GB, 256GB SSD, Windows 10 Pro",5 reviews,1.0,None,128,$1349.23
Lenovo ThinkPad T470,Laptop,"Lenovo ThinkPad T470, 14"" FHD IPS, Core i5-7200U, 8GB, 256GB SSD, Windows 10 Pro",5 reviews,1.0,None,256,$1369.23
Lenovo ThinkPad T470,Laptop,"Lenovo ThinkPad T470, 14"" FHD IPS, Core i5-7200U, 8GB, 256GB SSD, Windows 10 Pro",5 reviews,1.0,None,512,$1389.23
Lenovo ThinkPad T470,Laptop,"Lenovo ThinkPad T470, 14"" FHD IPS, Core i5-7200U, 8GB, 256GB SSD, Windows 10 Pro",5 reviews,1.0,None,1024,$1409.23
Lenovo ThinkPad Yoga 370 Black,Laptop,"Lenovo ThinkPad Yoga 370 Black, 13.3"" FHD IPS Touch, Core i5-7200U, 8GB, 256GB SSD, 4G, Windows 10 Pro",12 reviews,2.0,None,128,$1362.24
Lenovo ThinkPad Yoga 370 Black,Laptop,"Lenovo ThinkPad Yoga 370 Black, 13.3"" FHD IPS Touch, Core i5-7200U, 8GB, 256GB SSD, 4G, Windows 10 Pro",12 reviews,2.0,None,256,$1382.24
Lenovo ThinkPad Yoga 370 Black,Laptop,"Lenovo ThinkPad Yoga 370 Black, 13.3"" FHD IPS Touch, Core i5-7200U, 8GB, 256GB SSD, 4G, Windows 10 Pro",12 reviews,2.0,None,512,$1402.24
Lenovo ThinkPad Yoga 370 Black,Laptop,"Lenovo ThinkPad Yoga 370 Black, 13.3"" FHD IPS Touch, Core i5-7200U, 8GB, 256GB SSD, 4G, Windows 10 Pro",12 reviews,2.0,None,1024,$1422.24
Toshiba Portege X20W-D-10V Black/Blue,Laptop,"Toshiba Portege X20W-D-10V Black/Blue, 12.5"" FHD Touch, Core i7-7500U, 8GB, 512GB SSD, Windows 10 Pro",11 reviews,1.0,None,128,$1366.32
Toshiba Portege X20W-D-10V Black/Blue,Laptop,"Toshiba Portege X20W-D-10V Black/Blue, 12.5"" FHD Touch, Core i7-7500U, 8GB, 512GB SSD, Windows 10 Pro",11 reviews,1.0,None,256,$1386.32
Toshiba Portege X20W-D-10V Black/Blue,Laptop,"Toshiba Portege X20W-D-10V Black/Blue, 12.5"" FHD Touch, Core i7-7500U, 8GB, 512GB SSD, Windows 10 Pro",11 reviews,1.0,None,512,$1406.32
Toshiba Portege X20W-D-10V Black/Blue,Laptop,"Toshiba Portege X20W-D-10V Black/Blue, 12.5"" FHD Touch, Core i7-7500U, 8GB, 512GB SSD, Windows 10 Pro",11 reviews,1.0,None,1024,$1426.32
Asus ASUSPRO B9440UA-GV0279R Gray,Laptop,"Asus ASUSPRO B9440UA-GV0279R Gray, 14"" FHD, Core i7-7500U, 16GB, 512GB SSD, Windows 10 Pro, Eng kbd",4 reviews,1.0,None,128,$1381.13
Asus ASUSPRO B9440UA-GV0279R Gray,Laptop,"Asus ASUSPRO B9440UA-GV0279R Gray, 14"" FHD, Core i7-7500U, 16GB, 512GB SSD, Windows 10 Pro, Eng kbd",4 reviews,1.0,None,256,$1401.13
Asus ASUSPRO B9440UA-GV0279R Gray,Laptop,"Asus ASUSPRO B9440UA-GV0279R Gray, 14"" FHD, Core i7-7500U, 16GB, 512GB SSD, Windows 10 Pro, Eng kbd",4 reviews,1.0,None,512,$1421.13
Asus ASUSPRO B9440UA-GV0279R Gray,Laptop,"Asus ASUSPRO B9440UA-GV0279R Gray, 14"" FHD, Core i7-7500U, 16GB, 512GB SSD, Windows 10 Pro, Eng kbd",4 reviews,1.0,None,1024,$1441.13
Lenovo Legion Y720,Laptop,"Lenovo Legion Y720, 15.6"" FHD IPS, Core i7-7700HQ, 8GB, 128GB SSD + 2TB HDD, GeForce GTX 1060 6GB, DOS, RGB backlit keyboard",8 reviews,3.0,None,128,$1399
Lenovo Legion Y720,Laptop,"Lenovo Legion Y720, 15.6"" FHD IPS, Core i7-7700HQ, 8GB, 128GB SSD + 2TB HDD, GeForce GTX 1060 6GB, DOS, RGB backlit keyboard",8 reviews,3.0,None,256,$1419
Lenovo Legion Y720,Laptop,"Lenovo Legion Y720, 15.6"" FHD IPS, Core i7-7700HQ, 8GB, 128GB SSD + 2TB HDD, GeForce GTX 1060 6GB, DOS, RGB backlit keyboard",8 reviews,3.0,None,512,$1439
Lenovo Legion Y720,Laptop,"Lenovo Legion Y720, 15.6"" FHD IPS, Core i7-7700HQ, 8GB, 128GB SSD + 2TB HDD, GeForce GTX 1060 6GB, DOS, RGB backlit keyboard",8 reviews,3.0,None,1024,$1459
Asus ROG Strix GL702VM-GC146T,Laptop,"Asus ROG Strix GL702VM-GC146T, 17.3"" FHD, Core i7-7700HQ, 8GB, 1TB + 128GB SSD, GeForce GTX 1060 3GB, Windows 10 Home, Eng kbd",10 reviews,3.0,None,128,$1399
Asus ROG Strix GL702VM-GC146T,Laptop,"Asus ROG Strix GL702VM-GC146T, 17.3"" FHD, Core i7-7700HQ, 8GB, 1TB + 128GB SSD, GeForce GTX 1060 3GB, Windows 10 Home, Eng kbd",10 reviews,3.0,None,256,$1419
Asus ROG Strix GL702VM-GC146T,Laptop,"Asus ROG Strix GL702VM-GC146T, 17.3"" FHD, Core i7-7700HQ, 8GB, 1TB + 128GB SSD, GeForce GTX 1060 3GB, Windows 10 Home, Eng kbd",10 reviews,3.0,None,512,$1439
Asus ROG Strix GL702VM-GC146T,Laptop,"Asus ROG Strix GL702VM-GC146T, 17.3"" FHD, Core i7-7700HQ, 8GB, 1TB + 128GB SSD, GeForce GTX 1060 3GB, Windows 10 Home, Eng kbd",10 reviews,3.0,None,1024,$1459
Asus ROG Strix GL702ZC-GC154T,Laptop,"Asus ROG Strix GL702ZC-GC154T, 17.3"" FHD, Ryzen 7 1700, 16GB, 256GB + 1TB HDD, Radeon RX 580 4GB, Windows 10 Home",7 reviews,4.0,None,128,$1769
Asus ROG Strix GL702ZC-GC154T,Laptop,"Asus ROG Strix GL702ZC-GC154T, 17.3"" FHD, Ryzen 7 1700, 16GB, 256GB + 1TB HDD, Radeon RX 580 4GB, Windows 10 Home",7 reviews,4.0,None,256,$1789
Asus ROG Strix GL702ZC-GC154T,Laptop,"Asus ROG Strix GL702ZC-GC154T, 17.3"" FHD, Ryzen 7 1700, 16GB, 256GB + 1TB HDD, Radeon RX 580 4GB, Windows 10 Home",7 reviews,4.0,None,512,$1809
Asus ROG Strix GL702ZC-GC154T,Laptop,"Asus ROG Strix GL702ZC-GC154T, 17.3"" FHD, Ryzen 7 1700, 16GB, 256GB + 1TB HDD, Radeon RX 580 4GB, Windows 10 Home",7 reviews,4.0,None,1024,$1829
Asus ROG Strix GL702ZC-GC209T,Laptop,"Asus ROG Strix GL702ZC-GC209T, 17.3"" FHD IPS, Ryzen 7 1700, 16GB, 256GB SSD + 1TB HDD, Radeon RX 580 4GB, Windows 10 Home",8 reviews,1.0,None,128,$1769
Asus ROG Strix GL702ZC-GC209T,Laptop,"Asus ROG Strix GL702ZC-GC209T, 17.3"" FHD IPS, Ryzen 7 1700, 16GB, 256GB SSD + 1TB HDD, Radeon RX 580 4GB, Windows 10 Home",8 reviews,1.0,None,256,$1789
Asus ROG Strix GL702ZC-GC209T,Laptop,"Asus ROG Strix GL702ZC-GC209T, 17.3"" FHD IPS, Ryzen 7 1700, 16GB, 256GB SSD + 1TB HDD, Radeon RX 580 4GB, Windows 10 Home",8 reviews,1.0,None,512,$1809
Asus ROG Strix GL702ZC-GC209T,Laptop,"Asus ROG Strix GL702ZC-GC209T, 17.3"" FHD IPS, Ryzen 7 1700, 16GB, 256GB SSD + 1TB HDD, Radeon RX 580 4GB, Windows 10 Home",8 reviews,1.0,None,1024,$1829
Asus ROG Strix SCAR Edition GL503VM-ED115T,Laptop,"Asus ROG Strix SCAR Edition GL503VM-ED115T, 15.6"" FHD 120Hz, Core i7-7700HQ, 16GB, 256GB SSD + 1TB SSHD, GeForce GTX 1060 6GB, Windows 10 Home",8 reviews,3.0,None,128,$1799
Asus ROG Strix SCAR Edition GL503VM-ED115T,Laptop,"Asus ROG Strix SCAR Edition GL503VM-ED115T, 15.6"" FHD 120Hz, Core i7-7700HQ, 16GB, 256GB SSD + 1TB SSHD, GeForce GTX 1060 6GB, Windows 10 Home",8 reviews,3.0,None,256,$1819
Asus ROG Strix SCAR Edition GL503VM-ED115T,Laptop,"Asus ROG Strix SCAR Edition GL503VM-ED115T, 15.6"" FHD 120Hz, Core i7-7700HQ, 16GB, 256GB SSD + 1TB SSHD, GeForce GTX 1060 6GB, Windows 10 Home",8 reviews,3.0,None,512,$1839
Asus ROG Strix SCAR Edition GL503VM-ED115T,Laptop,"Asus ROG Strix SCAR Edition GL503VM-ED115T, 15.6"" FHD 120Hz, Core i7-7700HQ, 16GB, 256GB SSD + 1TB SSHD, GeForce GTX 1060 6GB, Windows 10 Home",8 reviews,3.0,None,1024,$1859
Lenovo IdeaTab,Tablet,"7"" screen, Android",7 reviews,3.0,"Gold, White, Black",128,$69.99
Lenovo IdeaTab,Tablet,"7"" screen, Android",7 reviews,3.0,"Gold, White, Black",256,$89.99
Lenovo IdeaTab,Tablet,"7"" screen, Android",7 reviews,3.0,"Gold, White, Black",512,$109.99
Lenovo IdeaTab,Tablet,"7"" screen, Android",7 reviews,3.0,"Gold, White, Black",1024,$129.99
IdeaTab A3500L,Tablet,"Black, 7"" IPS, Quad-Core 1.2GHz, 8GB, Android 4.2",7 reviews,4.0,"Gold, White, Black",128,$88.99
IdeaTab A3500L,Tablet,"Black, 7"" IPS, Quad-Core 1.2GHz, 8GB, Android 4.2",7 reviews,4.0,"Gold, White, Black",256,$108.99
IdeaTab A3500L,Tablet,"Black, 7"" IPS, Quad-Core 1.2GHz, 8GB, Android 4.2",7 reviews,4.0,"Gold, White, Black",512,$128.99
IdeaTab A3500L,Tablet,"Black, 7"" IPS, Quad-Core 1.2GHz, 8GB, Android 4.2",7 reviews,4.0,"Gold, White, Black",1024,$148.99
Acer Iconia,Tablet,"7"" screen, Android, 16GB",7 reviews,1.0,"Gold, White, Black",128,$96.99
Acer Iconia,Tablet,"7"" screen, Android, 16GB",7 reviews,1.0,"Gold, White, Black",256,$116.99
Acer Iconia,Tablet,"7"" screen, Android, 16GB",7 reviews,1.0,"Gold, White, Black",512,$136.99
Acer Iconia,Tablet,"7"" screen, Android, 16GB",7 reviews,1.0,"Gold, White, Black",1024,$156.99
Galaxy Tab 3,Tablet,"7"", 8GB, Wi-Fi, Android 4.2, White",2 reviews,2.0,"Gold, White, Black",128,$97.99
Galaxy Tab 3,Tablet,"7"", 8GB, Wi-Fi, Android 4.2, White",2 reviews,2.0,"Gold, White, Black",256,$117.99
Galaxy Tab 3,Tablet,"7"", 8GB, Wi-Fi, Android 4.2, White",2 reviews,2.0,"Gold, White, Black",512,$137.99
Galaxy Tab 3,Tablet,"7"", 8GB, Wi-Fi, Android 4.2, White",2 reviews,2.0,"Gold, White, Black",1024,$157.99
Iconia B1-730HD,Tablet,"Black, 7"", 1.6GHz Dual-Core, 8GB, Android 4.4",1 reviews,3.0,"Gold, White, Black",128,$99.99
Iconia B1-730HD,Tablet,"Black, 7"", 1.6GHz Dual-Core, 8GB, Android 4.4",1 reviews,3.0,"Gold, White, Black",256,$119.99
Iconia B1-730HD,Tablet,"Black, 7"", 1.6GHz Dual-Core, 8GB, Android 4.4",1 reviews,3.0,"Gold, White, Black",512,$139.99
Iconia B1-730HD,Tablet,"Black, 7"", 1.6GHz Dual-Core, 8GB, Android 4.4",1 reviews,3.0,"Gold, White, Black",1024,$159.99
Memo Pad HD 7,Tablet,"IPS, Dual-Core 1.2GHz, 8GB, Android 4.3",10 reviews,2.0,"Gold, White, Black",128,$101.99
Memo Pad HD 7,Tablet,"IPS, Dual-Core 1.2GHz, 8GB, Android 4.3",10 reviews,2.0,"Gold, White, Black",256,$121.99
Memo Pad HD 7,Tablet,"IPS, Dual-Core 1.2GHz, 8GB, Android 4.3",10 reviews,2.0,"Gold, White, Black",512,$141.99
Memo Pad HD 7,Tablet,"IPS, Dual-Core 1.2GHz, 8GB, Android 4.3",10 reviews,2.0,"Gold, White, Black",1024,$161.99
Asus MeMO Pad,Tablet,"7"" screen, Android, 8GB",14 reviews,4.0,"Gold, White, Black",128,$102.99
Asus MeMO Pad,Tablet,"7"" screen, Android, 8GB",14 reviews,4.0,"Gold, White, Black",256,$122.99
Asus MeMO Pad,Tablet,"7"" screen, Android, 8GB",14 reviews,4.0,"Gold, White, Black",512,$142.99
Asus MeMO Pad,Tablet,"7"" screen, Android, 8GB",14 reviews,4.0,"Gold, White, Black",1024,$162.99
Amazon Kindle,Tablet,"6"" screen, wifi",3 reviews,4.0,"Gold, White, Black",128,$103.99
Amazon Kindle,Tablet,"6"" screen, wifi",3 reviews,4.0,"Gold, White, Black",256,$123.99
Amazon Kindle,Tablet,"6"" screen, wifi",3 reviews,4.0,"Gold, White, Black",512,$143.99
Amazon Kindle,Tablet,"6"" screen, wifi",3 reviews,4.0,"Gold, White, Black",1024,$163.99
Galaxy Tab 3,Tablet,"7"", 8GB, Wi-Fi, Android 4.2, Yellow",14 reviews,2.0,"Gold, White, Black",128,$107.99
Galaxy Tab 3,Tablet,"7"", 8GB, Wi-Fi, Android 4.2, Yellow",14 reviews,2.0,"Gold, White, Black",256,$127.99
Galaxy Tab 3,Tablet,"7"", 8GB, Wi-Fi, Android 4.2, Yellow",14 reviews,2.0,"Gold, White, Black",512,$147.99
Galaxy Tab 3,Tablet,"7"", 8GB, Wi-Fi, Android 4.2, Yellow",14 reviews,2.0,"Gold, White, Black",1024,$167.99
IdeaTab A8-50,Tablet,"Blue, 8"" IPS, Quad-Core 1.3GHz, 16GB, Android 4.2",13 reviews,2.0,"Gold, White, Black",128,$121.99
IdeaTab A8-50,Tablet,"Blue, 8"" IPS, Quad-Core 1.3GHz, 16GB, Android 4.2",13 reviews,2.0,"Gold, White, Black",256,$141.99
IdeaTab A8-50,Tablet,"Blue, 8"" IPS, Quad-Core 1.3GHz, 16GB, Android 4.2",13 reviews,2.0,"Gold, White, Black",512,$161.99
IdeaTab A8-50,Tablet,"Blue, 8"" IPS, Quad-Core 1.3GHz, 16GB, Android 4.2",13 reviews,2.0,"Gold, White, Black",1024,$181.99
MeMO Pad 7,Tablet,"White, 7"", Atom 1.2GHz, 8GB, Android 4.4",11 reviews,1.0,"Gold, White, Black",128,$130.99
MeMO Pad 7,Tablet,"White, 7"", Atom 1.2GHz, 8GB, Android 4.4",11 reviews,1.0,"Gold, White, Black",256,$150.99
MeMO Pad 7,Tablet,"White, 7"", Atom 1.2GHz, 8GB, Android 4.4",11 reviews,1.0,"Gold, White, Black",512,$170.99
MeMO Pad 7,Tablet,"White, 7"", Atom 1.2GHz, 8GB, Android 4.4",11 reviews,1.0,"Gold, White, Black",1024,$190.99
IdeaTab A3500-H,Tablet,"Blue, 7"" IPS, Quad-Core 1.3GHz, 8GB, 3G, Android 4.2",9 reviews,2.0,"Gold, White, Black",128,$148.99
IdeaTab A3500-H,Tablet,"Blue, 7"" IPS, Quad-Core 1.3GHz, 8GB, 3G, Android 4.2",9 reviews,2.0,"Gold, White, Black",256,$168.99
IdeaTab A3500-H,Tablet,"Blue, 7"" IPS, Quad-Core 1.3GHz, 8GB, 3G, Android 4.2",9 reviews,2.0,"Gold, White, Black",512,$188.99
IdeaTab A3500-H,Tablet,"Blue, 7"" IPS, Quad-Core 1.3GHz, 8GB, 3G, Android 4.2",9 reviews,2.0,"Gold, White, Black",1024,$208.99
IdeaTab S5000,Tablet,"Silver, 7"" IPS, Quad-Core 1.2Ghz, 16GB, 3G, Android 4.2",8 reviews,3.0,"Gold, White, Black",128,$172.99
IdeaTab S5000,Tablet,"Silver, 7"" IPS, Quad-Core 1.2Ghz, 16GB, 3G, Android 4.2",8 reviews,3.0,"Gold, White, Black",256,$192.99
IdeaTab S5000,Tablet,"Silver, 7"" IPS, Quad-Core 1.2Ghz, 16GB, 3G, Android 4.2",8 reviews,3.0,"Gold, White, Black",512,$212.99
IdeaTab S5000,Tablet,"Silver, 7"" IPS, Quad-Core 1.2Ghz, 16GB, 3G, Android 4.2",8 reviews,3.0,"Gold, White, Black",1024,$232.99
Galaxy Tab 4,Tablet,"LTE (SM-T235), Quad-Core 1.2GHz, 8GB, Black",1 reviews,4.0,"Gold, White, Black",128,$233.99
Galaxy Tab 4,Tablet,"LTE (SM-T235), Quad-Core 1.2GHz, 8GB, Black",1 reviews,4.0,"Gold, White, Black",256,$253.99
Galaxy Tab 4,Tablet,"LTE (SM-T235), Quad-Core 1.2GHz, 8GB, Black",1 reviews,4.0,"Gold, White, Black",512,$273.99
Galaxy Tab 4,Tablet,"LTE (SM-T235), Quad-Core 1.2GHz, 8GB, Black",1 reviews,4.0,"Gold, White, Black",1024,$293.99
Galaxy Tab,Tablet,"16GB, White",14 reviews,3.0,"Gold, White, Black",128,$251.99
Galaxy Tab,Tablet,"16GB, White",14 reviews,3.0,"Gold, White, Black",256,$271.99
Galaxy Tab,Tablet,"16GB, White",14 reviews,3.0,"Gold, White, Black",512,$291.99
Galaxy Tab,Tablet,"16GB, White",14 reviews,3.0,"Gold, White, Black",1024,$311.99
MeMo PAD FHD 10,Tablet,"White, 10.1"" IPS, 1.6GHz, 2GB, 16GB, Android 4.2",7 reviews,2.0,"Gold, White, Black",128,$320.99
MeMo PAD FHD 10,Tablet,"White, 10.1"" IPS, 1.6GHz, 2GB, 16GB, Android 4.2",7 reviews,2.0,"Gold, White, Black",256,$340.99
MeMo PAD FHD 10,Tablet,"White, 10.1"" IPS, 1.6GHz, 2GB, 16GB, Android 4.2",7 reviews,2.0,"Gold, White, Black",512,$360.99
MeMo PAD FHD 10,Tablet,"White, 10.1"" IPS, 1.6GHz, 2GB, 16GB, Android 4.2",7 reviews,2.0,"Gold, White, Black",1024,$380.99
Galaxy Note,Tablet,"10.1"", 3G, Android 4.0, Garnet Red",12 reviews,4.0,"Gold, White, Black",128,$399.99
Galaxy Note,Tablet,"10.1"", 3G, Android 4.0, Garnet Red",12 reviews,4.0,"Gold, White, Black",256,$419.99
Galaxy Note,Tablet,"10.1"", 3G, Android 4.0, Garnet Red",12 reviews,4.0,"Gold, White, Black",512,$439.99
Galaxy Note,Tablet,"10.1"", 3G, Android 4.0, Garnet Red",12 reviews,4.0,"Gold, White, Black",1024,$459.99
Galaxy Note,Tablet,"12.2"", 32GB, WiFi, Android 4.4, White",9 reviews,3.0,"Gold, White, Black",128,$489.99
Galaxy Note,Tablet,"12.2"", 32GB, WiFi, Android 4.4, White",9 reviews,3.0,"Gold, White, Black",256,$509.99
Galaxy Note,Tablet,"12.2"", 32GB, WiFi, Android 4.4, White",9 reviews,3.0,"Gold, White, Black",512,$529.99
Galaxy Note,Tablet,"12.2"", 32GB, WiFi, Android 4.4, White",9 reviews,3.0,"Gold, White, Black",1024,$549.99
iPad Mini Retina,Tablet,"Wi-Fi + Cellular, 32GB, Silver",8 reviews,2.0,"Gold, White, Black",128,$537.99
iPad Mini Retina,Tablet,"Wi-Fi + Cellular, 32GB, Silver",8 reviews,2.0,"Gold, White, Black",256,$557.99
iPad Mini Retina,Tablet,"Wi-Fi + Cellular, 32GB, Silver",8 reviews,2.0,"Gold, White, Black",512,$577.99
iPad Mini Retina,Tablet,"Wi-Fi + Cellular, 32GB, Silver",8 reviews,2.0,"Gold, White, Black",1024,$597.99
Galaxy Note 10.1,Tablet,"10.1"", 32GB, Black",6 reviews,2.0,"Gold, White, Black",128,$587.99
Galaxy Note 10.1,Tablet,"10.1"", 32GB, Black",6 reviews,2.0,"Gold, White, Black",256,$607.99
Galaxy Note 10.1,Tablet,"10.1"", 32GB, Black",6 reviews,2.0,"Gold, White, Black",512,$627.99
Galaxy Note 10.1,Tablet,"10.1"", 32GB, Black",6 reviews,2.0,"Gold, White, Black",1024,$647.99
Apple iPad Air,Tablet,"Wi-Fi, 64GB, Silver",7 reviews,3.0,"Gold, White, Black",128,$603.99
Apple iPad Air,Tablet,"Wi-Fi, 64GB, Silver",7 reviews,3.0,"Gold, White, Black",256,$623.99
Apple iPad Air,Tablet,"Wi-Fi, 64GB, Silver",7 reviews,3.0,"Gold, White, Black",512,$643.99
Apple iPad Air,Tablet,"Wi-Fi, 64GB, Silver",7 reviews,3.0,"Gold, White, Black",1024,$663.99
Nokia 123,Phone,7 day battery,11 reviews,3.0,"Gold, White, Black",None,$24.99
LG Optimus,Phone,"3.2"" screen",11 reviews,3.0,"Gold, White, Black",None,$57.99
Samsung Galaxy,Phone,5 mpx. Android 5.0,3 reviews,3.0,"Gold, White, Black",None,$93.99
Nokia X,Phone,"Andoid, Jolla dualboot",4 reviews,4.0,"Gold, White, Black",None,$109.99
Sony Xperia,Phone,"GPS, waterproof",6 reviews,1.0,"Gold, White, Black",None,$118.99
Ubuntu Edge,Phone,Sapphire glass,2 reviews,1.0,"Gold, White, Black",None,$499.99
Iphone,Phone,White,10 reviews,1.0,"Gold, White, Black",None,$899.99
Iphone,Phone,Silver,8 reviews,2.0,"Gold, White, Black",None,$899.99
Iphone,Phone,Black,1 reviews,1.0,"Gold, White, Black",None,$899.99
